--    Openbravo POS is a point of sales application designed for touch screens.
--    Copyright (C) 2007-2009 Openbravo, S.L.
--    http://sourceforge.net/projects/openbravopos
--
--    This file is part of Openbravo POS.
--
--    Openbravo POS is free software: you can redistribute it and/or modify
--    it under the terms of the GNU General Public License as published by
--    the Free Software Foundation, either version 3 of the License, or
--    (at your option) any later version.
--
--    Openbravo POS is distributed in the hope that it will be useful,
--    but WITHOUT ANY WARRANTY; without even the implied warranty of
--    MERCHANTABILITY or FITNESS FOR A PARTICULAR PURPOSE.  See the
--    GNU General Public License for more details.
--
--    You should have received a copy of the GNU General Public License
--    along with Openbravo POS.  If not, see <http://www.gnu.org/licenses/>.

-- Tabela para conter as chaves
CREATE TABLE KEYS
(
  ID CHARACTER VARYING NOT NULL,
  VERSION CHARACTER VARYING NOT NULL,
  PRIVATE CHARACTER VARYING NOT NULL,
  PUBLIC CHARACTER VARYING NOT NULL,
  CONSTRAINT KEYS_PKEY PRIMARY KEY (ID)
);

CREATE TABLE COMPANY
(
  ID CHARACTER VARYING NOT NULL,
  NAME CHARACTER VARYING NOT NULL,
  ADDRESS CHARACTER VARYING,
  TAXID CHARACTER VARYING NOT NULL,
  POSTAL CHARACTER VARYING,
  CITY CHARACTER VARYING,
  REGION CHARACTER VARYING,
  COUNTRY CHARACTER VARYING,
  BUSINESSREG CHARACTER VARYING,
  CONSTRAINT COMPANY_PKEY PRIMARY KEY (ID)
);

INSERT INTO COMPANY(ID, NAME, ADDRESS, TAXID, POSTAL, CITY, REGION, COUNTRY, BUSINESSREG) VALUES ('0', 'Empresa Demonstracao Lda', 'Rua da Empresa', '999999999', '4444-555', 'Cidade', 'Distrito', 'Pais', '999999999');

-- Extensoes ao Openbravo POS para o OpenK
--	ID VARCHAR NOT NULL,      				-- pos_id → o GUID do recibo
--	TICKETTYPE INTEGER NOT NULL,			-- o tipo do recibo
--	TICKETID INTEGER NOT NULL,				-- o numero do recibo 
--	INVOICEDATE TIMESTAMP NOT NULL, 		-- InvoiceDate → receipts.datenew (AAAA-MM-DD)
--	SYSTEMENTRYDATE TIMESTAMP NOT NULL,		-- SystemEntryDate → receipts.datenew (AAAA-MM-DDTHH:MM:SS)
--	INVOICENO VARCHAR NOT NULL, 			-- InvoiceNo → (Ex: FAC 001/9) tickets.tickettype + tickets.ticketid
--	GROSSTOTAL DOUBLE PRECISION NOT NULL, 	-- GrossTotal → Soma de todos os valores de taxlines (base + amount) para esse recibo.
--	HASH VARCHAR NOT NULL,					-- Hash → A assinatura do documento anterior
--	SOURCE VARCHAR NOT NULL,				-- o texto origem a assinar
--	SIGNATURE VARCHAR NOT NULL,				-- pos_assinatura → A assinatura resultante para este documento/recibo
--	KEYVERSION VARCHAR NOT NULL,			-- pos_versao_chave_privada → versão da chave privada usada para gerar a assinatura
--	STAMP VARCHAR NOT NULL,   				-- o carimbo que sera usado na impressao dos recibos

CREATE TABLE SIGNATURES (
	ID VARCHAR NOT NULL,      				
	TICKETTYPE INTEGER NOT NULL,	
	TICKETID INTEGER NOT NULL,			
	INVOICEDATE TIMESTAMP NOT NULL, 	
	SYSTEMENTRYDATE TIMESTAMP NOT NULL,	
	INVOICENO VARCHAR NOT NULL, 			
	GROSSTOTAL DOUBLE PRECISION NOT NULL, 	
	HASH VARCHAR NOT NULL,					
	SOURCE VARCHAR NOT NULL,				
	SIGNATURE VARCHAR NOT NULL,				
	KEYVERSION VARCHAR NOT NULL,			
	STAMP VARCHAR NOT NULL,   	
	REFERENCE VARCHAR,
	CUSTOMERNAME VARCHAR,
	CUSTOMERTAXID VARCHAR,
	CUSTOMERADDRESS VARCHAR,
	CUSTOMERPOSTAL VARCHAR,
	CUSTOMERCITY VARCHAR,
	PRIMARY KEY (ID)
);

-- Database initial script for POSTGRESQL
-- v2.30

CREATE TABLE APPLICATIONS (
    ID VARCHAR NOT NULL,
    NAME VARCHAR NOT NULL,
    VERSION VARCHAR NOT NULL,
    PRIMARY KEY (ID)
);
INSERT INTO APPLICATIONS(ID, NAME, VERSION) VALUES($APP_ID{}, $APP_NAME{}, $APP_VERSION{});

CREATE TABLE ROLES (
    ID VARCHAR NOT NULL,
    NAME VARCHAR NOT NULL,
    PERMISSIONS BYTEA,
    PRIMARY KEY (ID)
);
CREATE UNIQUE INDEX ROLES_NAME_INX ON ROLES(NAME);
INSERT INTO ROLES(ID, NAME, PERMISSIONS) VALUES('0', 'Papel Administrador', $FILE{/pt/ktc/openk/pos/templates/Role.Administrator.xml} );
INSERT INTO ROLES(ID, NAME, PERMISSIONS) VALUES('1', 'Papel Gerente', $FILE{/pt/ktc/openk/pos/templates/Role.Manager.xml} );
INSERT INTO ROLES(ID, NAME, PERMISSIONS) VALUES('2', 'Papel Empregado', $FILE{/pt/ktc/openk/pos/templates/Role.Employee.xml} );

CREATE TABLE PEOPLE (
    ID VARCHAR NOT NULL,
    NAME VARCHAR NOT NULL,
    APPPASSWORD VARCHAR,
    CARD VARCHAR,
    ROLE VARCHAR NOT NULL,
    VISIBLE BOOLEAN NOT NULL,
    IMAGE BYTEA,
    PRIMARY KEY (ID),
    CONSTRAINT PEOPLE_FK_1 FOREIGN KEY (ROLE) REFERENCES ROLES(ID)
);
CREATE UNIQUE INDEX PEOPLE_NAME_INX ON PEOPLE(NAME);
CREATE INDEX PEOPLE_CARD_INX ON PEOPLE(CARD);

INSERT INTO PEOPLE(ID, NAME, APPPASSWORD, ROLE, VISIBLE, IMAGE) VALUES ('0', 'Administrador', NULL, '0', TRUE, NULL);
INSERT INTO PEOPLE(ID, NAME, APPPASSWORD, ROLE, VISIBLE, IMAGE) VALUES ('1', 'Gerente', NULL, '1', TRUE, NULL);
INSERT INTO PEOPLE(ID, NAME, APPPASSWORD, ROLE, VISIBLE, IMAGE) VALUES ('2', 'Empregado', NULL, '2', TRUE, NULL);

CREATE TABLE RESOURCES (
    ID VARCHAR NOT NULL,
    NAME VARCHAR NOT NULL,
    RESTYPE INTEGER NOT NULL,
    CONTENT BYTEA,
    PRIMARY KEY (ID)
);
CREATE UNIQUE INDEX RESOURCES_NAME_INX ON RESOURCES(NAME);
INSERT INTO RESOURCES(ID, NAME, RESTYPE, CONTENT) VALUES('0', 'Printer.Start', 0, $FILE{/pt/ktc/openk/pos/templates/Printer.Start.xml});
INSERT INTO RESOURCES(ID, NAME, RESTYPE, CONTENT) VALUES('1', 'Printer.Ticket', 0, $FILE{/pt/ktc/openk/pos/templates/Printer.Ticket.xml});
INSERT INTO RESOURCES(ID, NAME, RESTYPE, CONTENT) VALUES('2', 'Printer.Ticket2', 0, $FILE{/pt/ktc/openk/pos/templates/Printer.Ticket2.xml});
INSERT INTO RESOURCES(ID, NAME, RESTYPE, CONTENT) VALUES('3', 'Printer.TicketPreview', 0, $FILE{/pt/ktc/openk/pos/templates/Printer.TicketPreview.xml});
INSERT INTO RESOURCES(ID, NAME, RESTYPE, CONTENT) VALUES('4', 'Printer.TicketTotal', 0, $FILE{/pt/ktc/openk/pos/templates/Printer.TicketTotal.xml});
INSERT INTO RESOURCES(ID, NAME, RESTYPE, CONTENT) VALUES('5', 'Printer.OpenDrawer', 0, $FILE{/pt/ktc/openk/pos/templates/Printer.OpenDrawer.xml});
INSERT INTO RESOURCES(ID, NAME, RESTYPE, CONTENT) VALUES('6', 'Printer.Ticket.Logo', 1, $FILE{/pt/ktc/openk/pos/templates/Printer.Ticket.Logo.png});
INSERT INTO RESOURCES(ID, NAME, RESTYPE, CONTENT) VALUES('7', 'Printer.TicketLine', 0, $FILE{/pt/ktc/openk/pos/templates/Printer.TicketLine.xml});
INSERT INTO RESOURCES(ID, NAME, RESTYPE, CONTENT) VALUES('8', 'Printer.CloseCash', 0, $FILE{/pt/ktc/openk/pos/templates/Printer.CloseCash.xml});
INSERT INTO RESOURCES(ID, NAME, RESTYPE, CONTENT) VALUES('9', 'Window.Logo', 1, $FILE{/pt/ktc/openk/pos/templates/Window.Logo.png});
INSERT INTO RESOURCES(ID, NAME, RESTYPE, CONTENT) VALUES('10', 'Window.Title', 0, $FILE{/pt/ktc/openk/pos/templates/Window.Title.txt});
INSERT INTO RESOURCES(ID, NAME, RESTYPE, CONTENT) VALUES('11', 'Ticket.Buttons', 0, $FILE{/pt/ktc/openk/pos/templates/Ticket.Buttons.xml});
INSERT INTO RESOURCES(ID, NAME, RESTYPE, CONTENT) VALUES('12', 'Ticket.Line', 0, $FILE{/pt/ktc/openk/pos/templates/Ticket.Line.xml});
INSERT INTO RESOURCES(ID, NAME, RESTYPE, CONTENT) VALUES('13', 'Printer.Inventory', 0, $FILE{/pt/ktc/openk/pos/templates/Printer.Inventory.xml});
INSERT INTO RESOURCES(ID, NAME, RESTYPE, CONTENT) VALUES('14', 'Menu.Root', 0, $FILE{/pt/ktc/openk/pos/templates/Menu.Root.txt});
INSERT INTO RESOURCES(ID, NAME, RESTYPE, CONTENT) VALUES('15', 'Printer.CustomerPaid', 0, $FILE{/pt/ktc/openk/pos/templates/Printer.CustomerPaid.xml});
INSERT INTO RESOURCES(ID, NAME, RESTYPE, CONTENT) VALUES('16', 'Printer.CustomerPaid2', 0, $FILE{/pt/ktc/openk/pos/templates/Printer.CustomerPaid2.xml});
INSERT INTO RESOURCES(ID, NAME, RESTYPE, CONTENT) VALUES('17', 'payment.cash', 0, $FILE{/pt/ktc/openk/pos/templates/payment.cash.txt});
INSERT INTO RESOURCES(ID, NAME, RESTYPE, CONTENT) VALUES('18', 'banknote.50euro', 1, $FILE{/pt/ktc/openk/pos/templates/banknote.50euro.png});
INSERT INTO RESOURCES(ID, NAME, RESTYPE, CONTENT) VALUES('19', 'banknote.20euro', 1, $FILE{/pt/ktc/openk/pos/templates/banknote.20euro.png});
INSERT INTO RESOURCES(ID, NAME, RESTYPE, CONTENT) VALUES('20', 'banknote.10euro', 1, $FILE{/pt/ktc/openk/pos/templates/banknote.10euro.png});
INSERT INTO RESOURCES(ID, NAME, RESTYPE, CONTENT) VALUES('21', 'banknote.5euro', 1, $FILE{/pt/ktc/openk/pos/templates/banknote.5euro.png});
INSERT INTO RESOURCES(ID, NAME, RESTYPE, CONTENT) VALUES('22', 'coin.2euro', 1, $FILE{/pt/ktc/openk/pos/templates/coin.2euro.png});
INSERT INTO RESOURCES(ID, NAME, RESTYPE, CONTENT) VALUES('23', 'coin.1euro', 1, $FILE{/pt/ktc/openk/pos/templates/coin.1euro.png});
INSERT INTO RESOURCES(ID, NAME, RESTYPE, CONTENT) VALUES('24', 'coin.50cent', 1, $FILE{/pt/ktc/openk/pos/templates/coin.50cent.png});
INSERT INTO RESOURCES(ID, NAME, RESTYPE, CONTENT) VALUES('25', 'coin.20cent', 1, $FILE{/pt/ktc/openk/pos/templates/coin.20cent.png});
INSERT INTO RESOURCES(ID, NAME, RESTYPE, CONTENT) VALUES('26', 'coin.10cent', 1, $FILE{/pt/ktc/openk/pos/templates/coin.10cent.png});
INSERT INTO RESOURCES(ID, NAME, RESTYPE, CONTENT) VALUES('27', 'coin.5cent', 1, $FILE{/pt/ktc/openk/pos/templates/coin.5cent.png});
INSERT INTO RESOURCES(ID, NAME, RESTYPE, CONTENT) VALUES('28', 'coin.2cent', 1, $FILE{/pt/ktc/openk/pos/templates/coin.2cent.png});
INSERT INTO RESOURCES(ID, NAME, RESTYPE, CONTENT) VALUES('29', 'coin.1cent', 1, $FILE{/pt/ktc/openk/pos/templates/coin.1cent.png});
INSERT INTO RESOURCES(ID, NAME, RESTYPE, CONTENT) VALUES('30', 'Printer.PartialCash', 0, $FILE{/pt/ktc/openk/pos/templates/Printer.PartialCash.xml});
INSERT INTO RESOURCES(ID, NAME, RESTYPE, CONTENT) VALUES('31', 'Printer.TicketCopy', 0, $FILE{/pt/ktc/openk/pos/templates/Printer.TicketCopy.xml});
INSERT INTO RESOURCES(ID, NAME, RESTYPE, CONTENT) VALUES('32', 'Kitchen.Ticket', 0, $FILE{/pt/ktc/openk/pos/templates/Kitchen.Ticket.xml});
INSERT INTO RESOURCES(ID, NAME, RESTYPE, CONTENT) VALUES('33', 'Kitchen_2.Ticket', 0, $FILE{/pt/ktc/openk/pos/templates/Kitchen_2.Ticket.xml});							
INSERT INTO RESOURCES(ID, NAME, RESTYPE, CONTENT) VALUES('34', 'code.order', 0, $FILE{/pt/ktc/openk/pos/templates/code.order.txt});
INSERT INTO RESOURCES(ID, NAME, RESTYPE, CONTENT) VALUES('35', 'event.addline', 0, $FILE{/pt/ktc/openk/pos/templates/event.addline.txt});
INSERT INTO RESOURCES(ID, NAME, RESTYPE, CONTENT) VALUES('36', 'event.removeline', 0, $FILE{/pt/ktc/openk/pos/templates/event.removeline.txt});
INSERT INTO RESOURCES(ID, NAME, RESTYPE, CONTENT) VALUES('37', 'event.setline', 0, $FILE{/pt/ktc/openk/pos/templates/event.setline.txt});
INSERT INTO RESOURCES(ID, NAME, RESTYPE, CONTENT) VALUES('38', 'code.preview', 0, $FILE{/pt/ktc/openk/pos/templates/code.preview.txt});


CREATE TABLE TAXCUSTCATEGORIES (
    ID VARCHAR NOT NULL,
    NAME VARCHAR NOT NULL,
    PRIMARY KEY (ID)
);
CREATE UNIQUE INDEX TAXCUSTCAT_NAME_INX ON TAXCUSTCATEGORIES(NAME);

--    ADDRESS VARCHAR NOT NULL,      -- (ATB) Agora e obrigatorio
--    POSTAL VARCHAR NOT NULL,         -- (ATB) Agora e obrigatorio
--    CITY VARCHAR NOT NULL,      -- (ATB) Agora e obrigatorio
--    COUNTRY VARCHAR NOT NULL,  -- (ATB) Agora e obrigatorio

CREATE TABLE CUSTOMERS (
    ID VARCHAR NOT NULL,
    SEARCHKEY VARCHAR NOT NULL,
    TAXID VARCHAR,
    NAME VARCHAR NOT NULL,
    TAXCATEGORY VARCHAR,
    CARD VARCHAR,
    MAXDEBT DOUBLE PRECISION DEFAULT 0 NOT NULL,
    ADDRESS VARCHAR NOT NULL,      
    ADDRESS2 VARCHAR,
    POSTAL VARCHAR NOT NULL,         
    CITY VARCHAR NOT NULL,      
    REGION VARCHAR,
    COUNTRY VARCHAR NOT NULL,  
    FIRSTNAME VARCHAR,
    LASTNAME VARCHAR,
    EMAIL VARCHAR,
    PHONE VARCHAR,
    PHONE2 VARCHAR,
    FAX VARCHAR,
    NOTES VARCHAR,
    VISIBLE BOOLEAN NOT NULL DEFAULT TRUE,
    CURDATE TIMESTAMP,
    CURDEBT DOUBLE PRECISION,
    PRIMARY KEY (ID),
    CONSTRAINT CUSTOMERS_TAXCAT FOREIGN KEY (TAXCATEGORY) REFERENCES TAXCUSTCATEGORIES(ID)
);
CREATE UNIQUE INDEX CUSTOMERS_SKEY_INX ON CUSTOMERS(SEARCHKEY);
CREATE INDEX CUSTOMERS_TAXID_INX ON CUSTOMERS(TAXID);
CREATE INDEX CUSTOMERS_NAME_INX ON CUSTOMERS(NAME);
CREATE INDEX CUSTOMERS_CARD_INX ON CUSTOMERS(CARD);
INSERT INTO CUSTOMERS(ID, SEARCHKEY, TAXID, NAME, ADDRESS, POSTAL, CITY, COUNTRY) VALUES ('10000000-0000-0000-0000-000000000000', 'Cliente 1', '555666555', 'Cliente 1 Lda', 'Rua do Cliente 1', '4444-111', 'Cidade', 'Portugal');
INSERT INTO CUSTOMERS(ID, SEARCHKEY, TAXID, NAME, ADDRESS, POSTAL, CITY, COUNTRY) VALUES ('20000000-0000-0000-0000-000000000000', 'Cliente 2', '444666555', 'Cliente 2 Lda', 'Rua do Cliente 2', '4444-111', 'Cidade', 'Portugal');
INSERT INTO CUSTOMERS(ID, SEARCHKEY, TAXID, NAME, ADDRESS, POSTAL, CITY, COUNTRY) VALUES ('30000000-0000-0000-0000-000000000000', 'Cliente 3', '333666555', 'Cliente 3 Lda', 'Rua do Cliente 3', '4444-111', 'Cidade', 'Portugal');



CREATE TABLE CATEGORIES (
    ID VARCHAR NOT NULL,
    NAME VARCHAR NOT NULL,
    PARENTID VARCHAR,
    IMAGE BYTEA,
    PRIMARY KEY(ID),
    CONSTRAINT CATEGORIES_FK_1 FOREIGN KEY (PARENTID) REFERENCES CATEGORIES(ID)
);
CREATE UNIQUE INDEX CATEGORIES_NAME_INX ON CATEGORIES(NAME);
INSERT INTO CATEGORIES(ID, NAME, IMAGE) VALUES ('1', 'Entradas', $FILE{/pt/ktc/openk/pos/images/1_entradas.png});
INSERT INTO CATEGORIES(ID, NAME, IMAGE) VALUES ('2', 'Bebidas', $FILE{/pt/ktc/openk/pos/images/2_bebidas.png});
INSERT INTO CATEGORIES(ID, NAME, IMAGE) VALUES ('3', 'Vinhos', $FILE{/pt/ktc/openk/pos/images/3_vinhos.png});
INSERT INTO CATEGORIES(ID, NAME, IMAGE) VALUES ('4', 'Acompanhamentos', $FILE{/pt/ktc/openk/pos/images/4_acompanhamentos.png});
INSERT INTO CATEGORIES(ID, NAME, IMAGE) VALUES ('5', 'Sopas', $FILE{/pt/ktc/openk/pos/images/5_sopas.png});
INSERT INTO CATEGORIES(ID, NAME, IMAGE) VALUES ('6', 'Carnes', $FILE{/pt/ktc/openk/pos/images/6_carnes.png});
INSERT INTO CATEGORIES(ID, NAME, IMAGE) VALUES ('7', 'Peixes', $FILE{/pt/ktc/openk/pos/images/7_peixes.png});
INSERT INTO CATEGORIES(ID, NAME, IMAGE) VALUES ('8', 'Sobremesas', $FILE{/pt/ktc/openk/pos/images/8_sobremesas.png});
INSERT INTO CATEGORIES(ID, NAME, IMAGE) VALUES ('9', 'Whisky/Brandy', $FILE{/pt/ktc/openk/pos/images/9_whiskey.png});
INSERT INTO CATEGORIES(ID, NAME, IMAGE) VALUES ('10', 'Cafetaria', $FILE{/pt/ktc/openk/pos/images/10_cafetaria.png});
INSERT INTO CATEGORIES(ID, NAME, IMAGE) VALUES ('11', 'Gelados', $FILE{/pt/ktc/openk/pos/images/11_gelados.png});
INSERT INTO CATEGORIES(ID, NAME, IMAGE) VALUES ('13', 'Espumantes', $FILE{/pt/ktc/openk/pos/images/13_espumantes.png});

CREATE TABLE TAXCATEGORIES (
    ID VARCHAR NOT NULL,
    NAME VARCHAR NOT NULL,
    PRIMARY KEY (ID)
);
CREATE UNIQUE INDEX TAXCAT_NAME_INX ON TAXCATEGORIES(NAME);
INSERT INTO TAXCATEGORIES(ID, NAME) VALUES ('001', 'Taxa Reduz. (6%)');
INSERT INTO TAXCATEGORIES(ID, NAME) VALUES ('002', 'Taxa Inter. (13%)');
INSERT INTO TAXCATEGORIES(ID, NAME) VALUES ('003', 'Taxa Normal (23%)');
INSERT INTO TAXCATEGORIES(ID, NAME) VALUES ('004', 'Isencao Art 9, n 10');

CREATE TABLE TAXES (
    ID VARCHAR NOT NULL,
    NAME VARCHAR NOT NULL,
    CATEGORY VARCHAR NOT NULL,
    CUSTCATEGORY VARCHAR,
    PARENTID VARCHAR,
    RATE DOUBLE PRECISION NOT NULL,
    RATECASCADE BOOLEAN NOT NULL DEFAULT FALSE,
    RATEORDER INTEGER,
    PRIMARY KEY(ID),
    CONSTRAINT TAXES_CAT_FK FOREIGN KEY (CATEGORY) REFERENCES TAXCATEGORIES(ID),
    CONSTRAINT TAXES_CUSTCAT_FK FOREIGN KEY (CUSTCATEGORY) REFERENCES TAXCUSTCATEGORIES(ID),
    CONSTRAINT TAXES_TAXES_FK FOREIGN KEY (PARENTID) REFERENCES TAXES(ID)
);
CREATE UNIQUE INDEX TAXES_NAME_INX ON TAXES(NAME);
INSERT INTO TAXES(ID, NAME, CATEGORY, CUSTCATEGORY, PARENTID, RATE, RATECASCADE, RATEORDER) VALUES ('001', 'Taxa Reduz. (6%)', '001', NULL, NULL, 0.06, FALSE, NULL);
INSERT INTO TAXES(ID, NAME, CATEGORY, CUSTCATEGORY, PARENTID, RATE, RATECASCADE, RATEORDER) VALUES ('002', 'Taxa Inter. (13%)', '002', NULL, NULL, 0.13, FALSE, NULL);
INSERT INTO TAXES(ID, NAME, CATEGORY, CUSTCATEGORY, PARENTID, RATE, RATECASCADE, RATEORDER) VALUES ('003', 'Taxa Normal (23%)', '003', NULL, NULL, 0.23, FALSE, NULL);
INSERT INTO TAXES(ID, NAME, CATEGORY, CUSTCATEGORY, PARENTID, RATE, RATECASCADE, RATEORDER) VALUES ('004', 'Isencao Art9, n 10', '004', NULL, NULL, 0.0, FALSE, NULL);


CREATE TABLE ATTRIBUTE (
    ID VARCHAR NOT NULL,
    NAME VARCHAR NOT NULL,
    PRIMARY KEY (ID)
);

CREATE TABLE ATTRIBUTEVALUE (
    ID VARCHAR NOT NULL,
    ATTRIBUTE_ID VARCHAR NOT NULL,
    VALUE VARCHAR,
    PRIMARY KEY (ID),
    CONSTRAINT ATTVAL_ATT FOREIGN KEY (ATTRIBUTE_ID) REFERENCES ATTRIBUTE(ID) ON DELETE CASCADE
);

CREATE TABLE ATTRIBUTESET (
    ID VARCHAR NOT NULL,
    NAME VARCHAR NOT NULL,
    PRIMARY KEY (ID)
);

CREATE TABLE ATTRIBUTEUSE (
    ID VARCHAR NOT NULL,
    ATTRIBUTESET_ID VARCHAR NOT NULL,
    ATTRIBUTE_ID VARCHAR NOT NULL,
    LINENO INTEGER,
    PRIMARY KEY (ID),
    CONSTRAINT ATTUSE_SET FOREIGN KEY (ATTRIBUTESET_ID) REFERENCES ATTRIBUTESET(ID) ON DELETE CASCADE,
    CONSTRAINT ATTUSE_ATT FOREIGN KEY (ATTRIBUTE_ID) REFERENCES ATTRIBUTE(ID)
);
CREATE UNIQUE INDEX ATTUSE_LINE ON ATTRIBUTEUSE(ATTRIBUTESET_ID, LINENO);

CREATE TABLE ATTRIBUTESETINSTANCE (
    ID VARCHAR NOT NULL,
    ATTRIBUTESET_ID VARCHAR NOT NULL,
    DESCRIPTION VARCHAR,
    PRIMARY KEY (ID),
    CONSTRAINT ATTSETINST_SET FOREIGN KEY (ATTRIBUTESET_ID) REFERENCES ATTRIBUTESET(ID) ON DELETE CASCADE
);

CREATE TABLE ATTRIBUTEINSTANCE (
    ID VARCHAR NOT NULL,
    ATTRIBUTESETINSTANCE_ID VARCHAR NOT NULL,
    ATTRIBUTE_ID VARCHAR NOT NULL,
    VALUE VARCHAR,
    PRIMARY KEY (ID),
    CONSTRAINT ATTINST_SET FOREIGN KEY (ATTRIBUTESETINSTANCE_ID) REFERENCES ATTRIBUTESETINSTANCE(ID) ON DELETE CASCADE,
    CONSTRAINT ATTINST_ATT FOREIGN KEY (ATTRIBUTE_ID) REFERENCES ATTRIBUTE(ID)
);

CREATE TABLE PRODUCTS (
    ID VARCHAR NOT NULL,
    REFERENCE VARCHAR NOT NULL,
    CODE VARCHAR NOT NULL,
    CODETYPE VARCHAR,
    NAME VARCHAR NOT NULL,
    PRICEBUY DOUBLE PRECISION NOT NULL,
    PRICESELL DOUBLE PRECISION NOT NULL,
    CATEGORY VARCHAR NOT NULL,
    TAXCAT VARCHAR NOT NULL,
    ATTRIBUTESET_ID VARCHAR,
    STOCKCOST DOUBLE PRECISION,
    STOCKVOLUME DOUBLE PRECISION,
    IMAGE BYTEA,
    ISCOM BOOLEAN NOT NULL DEFAULT FALSE,
    ISSCALE BOOLEAN NOT NULL DEFAULT FALSE,
    ATTRIBUTES BYTEA,
    PRIMARY KEY (ID),
    CONSTRAINT PRODUCTS_FK_1 FOREIGN KEY (CATEGORY) REFERENCES CATEGORIES(ID),
    CONSTRAINT PRODUCTS_TAXCAT_FK FOREIGN KEY (TAXCAT) REFERENCES TAXCATEGORIES(ID),
    CONSTRAINT PRODUCTS_ATTRSET_FK FOREIGN KEY (ATTRIBUTESET_ID) REFERENCES ATTRIBUTESET(ID)
);
CREATE UNIQUE INDEX PRODUCTS_INX_0 ON PRODUCTS(REFERENCE);
CREATE UNIQUE INDEX PRODUCTS_INX_1 ON PRODUCTS(CODE);
CREATE UNIQUE INDEX PRODUCTS_NAME_INX ON PRODUCTS(NAME);
-- INSERT INTO PRODUCTS(ID, REFERENCE, CODE, NAME, PRICEBUY, PRICESELL, CATEGORY, TAXCAT) VALUES ('10000000-0000-0000-0000-000000000000', 'Arroz ABC', '00000000001', 'Arroz ABC', 10.0, 20.0, '000', '003');
-- INSERT INTO PRODUCTS(ID, REFERENCE, CODE, NAME, PRICEBUY, PRICESELL, CATEGORY, TAXCAT) VALUES ('20000000-0000-0000-0000-000000000000', 'Farinha Xpto', '00000000002', 'Farinha Xpto', 20.0, 30.0, '000', '003');
-- INSERT INTO PRODUCTS(ID, REFERENCE, CODE, NAME, PRICEBUY, PRICESELL, CATEGORY, TAXCAT) VALUES ('30000000-0000-0000-0000-000000000000', 'Formacao', '00000000003', 'Formacao', 100.0, 150.0, '004', '004');

INSERT INTO PRODUCTS(ID, REFERENCE, CODE, NAME, CATEGORY, PRICEBUY, PRICESELL, TAXCAT, IMAGE) VALUES ('1', '1', '1', 'CHERNE GRELHADO', '7', 0.01, round(22.00/1.23, 3), '003', $FILE{/pt/ktc/openk/pos/images/7_peixes.png});
INSERT INTO PRODUCTS(ID, REFERENCE, CODE, NAME, CATEGORY, PRICEBUY, PRICESELL, TAXCAT, IMAGE) VALUES ('2', '2', '2', 'BACALHAU BRAGA', '7', 0.01, round(21.00/1.23, 3), '003', $FILE{/pt/ktc/openk/pos/images/7_peixes.png});
INSERT INTO PRODUCTS(ID, REFERENCE, CODE, NAME, CATEGORY, PRICEBUY, PRICESELL, TAXCAT, IMAGE) VALUES ('3', '3', '3', 'BACALHAU COZIDO', '7', 0.01, round(21.00/1.23, 3), '003', $FILE{/pt/ktc/openk/pos/images/7_peixes.png});
INSERT INTO PRODUCTS(ID, REFERENCE, CODE, NAME, CATEGORY, PRICEBUY, PRICESELL, TAXCAT, IMAGE) VALUES ('4', '4', '4', 'BACALHAU ASSADO', '7', 0.01, round(21.00/1.23, 3), '003', $FILE{/pt/ktc/openk/pos/images/7_peixes.png});
INSERT INTO PRODUCTS(ID, REFERENCE, CODE, NAME, CATEGORY, PRICEBUY, PRICESELL, TAXCAT, IMAGE) VALUES ('5', '5', '5', 'ESPETADA GAMBAS', '7', 0.01, round(18.50/1.23, 3), '003', $FILE{/pt/ktc/openk/pos/images/7_peixes.png});
INSERT INTO PRODUCTS(ID, REFERENCE, CODE, NAME, CATEGORY, PRICEBUY, PRICESELL, TAXCAT, IMAGE) VALUES ('6', '6', '6', '(1/2) ESP. MARISCO', '7', 0.01, round(10.50/1.23, 3), '003', $FILE{/pt/ktc/openk/pos/images/7_peixes.png});
INSERT INTO PRODUCTS(ID, REFERENCE, CODE, NAME, CATEGORY, PRICEBUY, PRICESELL, TAXCAT, IMAGE) VALUES ('7', '7', '7', 'ESPETADA LULAS', '7', 0.01, round(16.00/1.23, 3), '003', $FILE{/pt/ktc/openk/pos/images/7_peixes.png});
INSERT INTO PRODUCTS(ID, REFERENCE, CODE, NAME, CATEGORY, PRICEBUY, PRICESELL, TAXCAT, IMAGE) VALUES ('8', '8', '8', '(1/2) ESP. LULAS', '7', 0.01, round(9.00/1.23, 3), '003', $FILE{/pt/ktc/openk/pos/images/7_peixes.png});
INSERT INTO PRODUCTS(ID, REFERENCE, CODE, NAME, CATEGORY, PRICEBUY, PRICESELL, TAXCAT, IMAGE) VALUES ('9', '9', '9', 'ARROZ DE MARISCO', '7', 0.01, round(18.50/1.23, 3), '003', $FILE{/pt/ktc/openk/pos/images/7_peixes.png});
INSERT INTO PRODUCTS(ID, REFERENCE, CODE, NAME, CATEGORY, PRICEBUY, PRICESELL, TAXCAT, IMAGE) VALUES ('10', '10', '10', 'ACORDA MARISCO', '7', 0.01, round(18.00/1.23, 3), '003', $FILE{/pt/ktc/openk/pos/images/7_peixes.png});
INSERT INTO PRODUCTS(ID, REFERENCE, CODE, NAME, CATEGORY, PRICEBUY, PRICESELL, TAXCAT, IMAGE) VALUES ('11', '11', '11', '(1/2) CHERNE', '7', 0.01, round(13.00/1.23, 3), '003', $FILE{/pt/ktc/openk/pos/images/7_peixes.png});
INSERT INTO PRODUCTS(ID, REFERENCE, CODE, NAME, CATEGORY, PRICEBUY, PRICESELL, TAXCAT, IMAGE) VALUES ('12', '12', '12', 'PESCADA COZIDA', '7', 0.01, round(15.00/1.23, 3), '003', $FILE{/pt/ktc/openk/pos/images/7_peixes.png});
INSERT INTO PRODUCTS(ID, REFERENCE, CODE, NAME, CATEGORY, PRICEBUY, PRICESELL, TAXCAT, IMAGE) VALUES ('13', '13', '13', 'PESCADA GRELHADA', '7', 0.01, round(15.00/1.23, 3), '003', $FILE{/pt/ktc/openk/pos/images/7_peixes.png});
INSERT INTO PRODUCTS(ID, REFERENCE, CODE, NAME, CATEGORY, PRICEBUY, PRICESELL, TAXCAT, IMAGE) VALUES ('14', '14', '14', '(1/2) BACALHAU', '7', 0.01, round(12.50/1.23, 3), '003', $FILE{/pt/ktc/openk/pos/images/7_peixes.png});
INSERT INTO PRODUCTS(ID, REFERENCE, CODE, NAME, CATEGORY, PRICEBUY, PRICESELL, TAXCAT, IMAGE) VALUES ('15', '15', '15', 'PARRILHADA DE PEIXE', '7', 0.01, round(20.00/1.23, 3), '003', $FILE{/pt/ktc/openk/pos/images/7_peixes.png});
INSERT INTO PRODUCTS(ID, REFERENCE, CODE, NAME, CATEGORY, PRICEBUY, PRICESELL, TAXCAT, IMAGE) VALUES ('16', '16', '16', 'PEIXE              ', '7', 0.01, round(12.50/1.23, 3), '003', $FILE{/pt/ktc/openk/pos/images/7_peixes.png});
INSERT INTO PRODUCTS(ID, REFERENCE, CODE, NAME, CATEGORY, PRICEBUY, PRICESELL, TAXCAT, IMAGE) VALUES ('17', '17', '17', '(1/2) PEIXE        ', '7', 0.01, round(7.50/1.23, 3), '003', $FILE{/pt/ktc/openk/pos/images/7_peixes.png});
INSERT INTO PRODUCTS(ID, REFERENCE, CODE, NAME, CATEGORY, PRICEBUY, PRICESELL, TAXCAT, IMAGE) VALUES ('18', '18', '18', 'POLVO RODISIO      ', '7', 0.01, round(19.90/1.23, 3), '003', $FILE{/pt/ktc/openk/pos/images/7_peixes.png});
INSERT INTO PRODUCTS(ID, REFERENCE, CODE, NAME, CATEGORY, PRICEBUY, PRICESELL, TAXCAT, IMAGE) VALUES ('19', '19', '19', '(1/2) POLVO RODISIO', '7', 0.01, round(13.00/1.23, 3), '003', $FILE{/pt/ktc/openk/pos/images/7_peixes.png});
INSERT INTO PRODUCTS(ID, REFERENCE, CODE, NAME, CATEGORY, PRICEBUY, PRICESELL, TAXCAT, IMAGE) VALUES ('20', '20', '20', 'CABRITO            ', '6', 0.01, round(17.50/1.23, 3), '003', $FILE{/pt/ktc/openk/pos/images/6_carnes.png});
INSERT INTO PRODUCTS(ID, REFERENCE, CODE, NAME, CATEGORY, PRICEBUY, PRICESELL, TAXCAT, IMAGE) VALUES ('21', '21', '21', '(1/2) CABRITO      ', '6', 0.01, round(10.00/1.23, 3), '003', $FILE{/pt/ktc/openk/pos/images/6_carnes.png});
INSERT INTO PRODUCTS(ID, REFERENCE, CODE, NAME, CATEGORY, PRICEBUY, PRICESELL, TAXCAT, IMAGE) VALUES ('22', '22', '22', 'FEIJOADA BRASILEIRA', '6', 0.01, round(14.00/1.23, 3), '003', $FILE{/pt/ktc/openk/pos/images/6_carnes.png});
INSERT INTO PRODUCTS(ID, REFERENCE, CODE, NAME, CATEGORY, PRICEBUY, PRICESELL, TAXCAT, IMAGE) VALUES ('23', '23', '23', '(1/2) BRASILEIRA   ', '6', 0.01, round(9.00/1.23, 3), '003', $FILE{/pt/ktc/openk/pos/images/6_carnes.png});
INSERT INTO PRODUCTS(ID, REFERENCE, CODE, NAME, CATEGORY, PRICEBUY, PRICESELL, TAXCAT, IMAGE) VALUES ('24', '24', '24', 'PERCA DO NILO GRELHA', '7', 0.01, round(18.00/1.23, 3), '003', $FILE{/pt/ktc/openk/pos/images/7_peixes.png});
INSERT INTO PRODUCTS(ID, REFERENCE, CODE, NAME, CATEGORY, PRICEBUY, PRICESELL, TAXCAT, IMAGE) VALUES ('25', '25', '25', '1/2 PERCA DO NILO   ', '7', 0.01, round(12.00/1.23, 3), '003', $FILE{/pt/ktc/openk/pos/images/7_peixes.png});
INSERT INTO PRODUCTS(ID, REFERENCE, CODE, NAME, CATEGORY, PRICEBUY, PRICESELL, TAXCAT, IMAGE) VALUES ('26', '26', '26', 'ROJOES PORTUGUESA   ', '6', 0.01, round(17.00/1.23, 3), '003', $FILE{/pt/ktc/openk/pos/images/6_carnes.png});
INSERT INTO PRODUCTS(ID, REFERENCE, CODE, NAME, CATEGORY, PRICEBUY, PRICESELL, TAXCAT, IMAGE) VALUES ('27', '27', '27', '(1/2) ROJOES PORTUGU', '6', 0.01, round(10.00/1.23, 3), '003', $FILE{/pt/ktc/openk/pos/images/6_carnes.png});
INSERT INTO PRODUCTS(ID, REFERENCE, CODE, NAME, CATEGORY, PRICEBUY, PRICESELL, TAXCAT, IMAGE) VALUES ('28', '28', '28', 'BIFINHOS PERU       ', '6', 0.01, round(13.00/1.23, 3), '003', $FILE{/pt/ktc/openk/pos/images/6_carnes.png});
INSERT INTO PRODUCTS(ID, REFERENCE, CODE, NAME, CATEGORY, PRICEBUY, PRICESELL, TAXCAT, IMAGE) VALUES ('29', '29', '29', '(1/2) BIFINHOS PERU ', '6', 0.01, round(8.00/1.23, 3), '003', $FILE{/pt/ktc/openk/pos/images/6_carnes.png});
INSERT INTO PRODUCTS(ID, REFERENCE, CODE, NAME, CATEGORY, PRICEBUY, PRICESELL, TAXCAT, IMAGE) VALUES ('30', '30', '30', 'LOMBINHOS PORCO     ', '6', 0.01, round(16.00/1.23, 3), '003', $FILE{/pt/ktc/openk/pos/images/6_carnes.png});
INSERT INTO PRODUCTS(ID, REFERENCE, CODE, NAME, CATEGORY, PRICEBUY, PRICESELL, TAXCAT, IMAGE) VALUES ('31', '31', '31', '(1/2) LOMBINHOS PORC', '6', 0.01, round(9.00/1.23, 3), '003', $FILE{/pt/ktc/openk/pos/images/6_carnes.png});
INSERT INTO PRODUCTS(ID, REFERENCE, CODE, NAME, CATEGORY, PRICEBUY, PRICESELL, TAXCAT, IMAGE) VALUES ('32', '32', '32', 'BIFE NA PEDRA       ', '6', 0.01, round(17.00/1.23, 3), '003', $FILE{/pt/ktc/openk/pos/images/6_carnes.png});
INSERT INTO PRODUCTS(ID, REFERENCE, CODE, NAME, CATEGORY, PRICEBUY, PRICESELL, TAXCAT, IMAGE) VALUES ('33', '33', '33', 'TIRAS COSTELA       ', '6', 0.01, round(15.00/1.23, 3), '003', $FILE{/pt/ktc/openk/pos/images/6_carnes.png});
INSERT INTO PRODUCTS(ID, REFERENCE, CODE, NAME, CATEGORY, PRICEBUY, PRICESELL, TAXCAT, IMAGE) VALUES ('34', '34', '34', '(1/2) TIRAS COSTELA ', '6', 0.01, round(8.00/1.23, 3), '003', $FILE{/pt/ktc/openk/pos/images/6_carnes.png});
INSERT INTO PRODUCTS(ID, REFERENCE, CODE, NAME, CATEGORY, PRICEBUY, PRICESELL, TAXCAT, IMAGE) VALUES ('35', '35', '35', 'BIFE CAIPIRA        ', '6', 0.01, round(15.00/1.23, 3), '003', $FILE{/pt/ktc/openk/pos/images/6_carnes.png});
INSERT INTO PRODUCTS(ID, REFERENCE, CODE, NAME, CATEGORY, PRICEBUY, PRICESELL, TAXCAT, IMAGE) VALUES ('36', '36', '36', 'BIFE TROPICAL       ', '6', 0.01, round(18.00/1.23, 3), '003', $FILE{/pt/ktc/openk/pos/images/6_carnes.png});
INSERT INTO PRODUCTS(ID, REFERENCE, CODE, NAME, CATEGORY, PRICEBUY, PRICESELL, TAXCAT, IMAGE) VALUES ('37', '37', '37', '1/2 BIFE CAIPIRA    ', '6', 0.01, round(8.00/1.23, 3), '003', $FILE{/pt/ktc/openk/pos/images/6_carnes.png});
INSERT INTO PRODUCTS(ID, REFERENCE, CODE, NAME, CATEGORY, PRICEBUY, PRICESELL, TAXCAT, IMAGE) VALUES ('38', '38', '38', 'FEVERAS GRELHADAS   ', '6', 0.01, round(13.00/1.23, 3), '003', $FILE{/pt/ktc/openk/pos/images/6_carnes.png});
INSERT INTO PRODUCTS(ID, REFERENCE, CODE, NAME, CATEGORY, PRICEBUY, PRICESELL, TAXCAT, IMAGE) VALUES ('39', '39', '39', '(1/2) FEVERAS GRELHA', '6', 0.01, round(8.00/1.23, 3), '003', $FILE{/pt/ktc/openk/pos/images/6_carnes.png});
INSERT INTO PRODUCTS(ID, REFERENCE, CODE, NAME, CATEGORY, PRICEBUY, PRICESELL, TAXCAT, IMAGE) VALUES ('40', '40', '40', 'ESPETADA CARNES MIST', '6', 0.01, round(18.50/1.23, 3), '003', $FILE{/pt/ktc/openk/pos/images/6_carnes.png});
INSERT INTO PRODUCTS(ID, REFERENCE, CODE, NAME, CATEGORY, PRICEBUY, PRICESELL, TAXCAT, IMAGE) VALUES ('41', '41', '41', '(1/2)ESPETADA CARNES', '6', 0.01, round(11.00/1.23, 3), '003', $FILE{/pt/ktc/openk/pos/images/6_carnes.png});
INSERT INTO PRODUCTS(ID, REFERENCE, CODE, NAME, CATEGORY, PRICEBUY, PRICESELL, TAXCAT, IMAGE) VALUES ('42', '42', '42', 'PICANHA GAUCHA      ', '6', 0.01, round(18.90/1.23, 3), '003', $FILE{/pt/ktc/openk/pos/images/6_carnes.png});
INSERT INTO PRODUCTS(ID, REFERENCE, CODE, NAME, CATEGORY, PRICEBUY, PRICESELL, TAXCAT, IMAGE) VALUES ('43', '43', '43', '(1/2) PICANHA       ', '6', 0.01, round(12.00/1.23, 3), '003', $FILE{/pt/ktc/openk/pos/images/6_carnes.png});
INSERT INTO PRODUCTS(ID, REFERENCE, CODE, NAME, CATEGORY, PRICEBUY, PRICESELL, TAXCAT, IMAGE) VALUES ('44', '44', '44', 'LOMBO ESPETO        ', '6', 0.01, round(16.00/1.23, 3), '003', $FILE{/pt/ktc/openk/pos/images/6_carnes.png});
INSERT INTO PRODUCTS(ID, REFERENCE, CODE, NAME, CATEGORY, PRICEBUY, PRICESELL, TAXCAT, IMAGE) VALUES ('45', '45', '45', '(1/2) LOMBO ESPETO  ', '6', 0.01, round(11.00/1.23, 3), '003', $FILE{/pt/ktc/openk/pos/images/6_carnes.png});
INSERT INTO PRODUCTS(ID, REFERENCE, CODE, NAME, CATEGORY, PRICEBUY, PRICESELL, TAXCAT, IMAGE) VALUES ('47', '47', '47', 'COZIDO PORTUGUESA   ', '6', 0.01, round(15.00/1.23, 3), '003', $FILE{/pt/ktc/openk/pos/images/6_carnes.png});
INSERT INTO PRODUCTS(ID, REFERENCE, CODE, NAME, CATEGORY, PRICEBUY, PRICESELL, TAXCAT, IMAGE) VALUES ('48', '48', '48', '(1/2) COZIDO PORTUG.', '6', 0.01, round(9.25/1.23, 3), '003', $FILE{/pt/ktc/openk/pos/images/6_carnes.png});
INSERT INTO PRODUCTS(ID, REFERENCE, CODE, NAME, CATEGORY, PRICEBUY, PRICESELL, TAXCAT, IMAGE) VALUES ('49', '49', '49', 'SARDINHAS ASSADAS   ', '7', 0.01, round(12.50/1.23, 3), '003', $FILE{/pt/ktc/openk/pos/images/7_peixes.png});
INSERT INTO PRODUCTS(ID, REFERENCE, CODE, NAME, CATEGORY, PRICEBUY, PRICESELL, TAXCAT, IMAGE) VALUES ('50', '50', '50', '(1/2) SARDINHAS     ', '7', 0.01, round(7.50/1.23, 3), '003', $FILE{/pt/ktc/openk/pos/images/7_peixes.png});
INSERT INTO PRODUCTS(ID, REFERENCE, CODE, NAME, CATEGORY, PRICEBUY, PRICESELL, TAXCAT, IMAGE) VALUES ('54', '54', '54', 'PIRES ORELHA        ', '6', 0.01, round(1.50/1.23, 3), '003', $FILE{/pt/ktc/openk/pos/images/6_carnes.png});
INSERT INTO PRODUCTS(ID, REFERENCE, CODE, NAME, CATEGORY, PRICEBUY, PRICESELL, TAXCAT, IMAGE) VALUES ('55', '55', '55', 'PIRES POLVO         ', '6', 0.01, round(1.50/1.23, 3), '003', $FILE{/pt/ktc/openk/pos/images/6_carnes.png});
INSERT INTO PRODUCTS(ID, REFERENCE, CODE, NAME, CATEGORY, PRICEBUY, PRICESELL, TAXCAT, IMAGE) VALUES ('58', '58', '58', 'VITELA / LOMBO      ', '6', 0.01, round(14.95/1.23, 3), '003', $FILE{/pt/ktc/openk/pos/images/6_carnes.png});
INSERT INTO PRODUCTS(ID, REFERENCE, CODE, NAME, CATEGORY, PRICEBUY, PRICESELL, TAXCAT, IMAGE) VALUES ('59', '59', '59', '(1/2) VITELA / LOMBO', '6', 0.01, round(9.25/1.23, 3), '003', $FILE{/pt/ktc/openk/pos/images/6_carnes.png});
INSERT INTO PRODUCTS(ID, REFERENCE, CODE, NAME, CATEGORY, PRICEBUY, PRICESELL, TAXCAT, IMAGE) VALUES ('60', '60', '60', 'LOMBINHOS VITELA    ', '6', 0.01, round(18.50/1.23, 3), '003', $FILE{/pt/ktc/openk/pos/images/6_carnes.png});
INSERT INTO PRODUCTS(ID, REFERENCE, CODE, NAME, CATEGORY, PRICEBUY, PRICESELL, TAXCAT, IMAGE) VALUES ('61', '61', '61', '1/2 LOMBINHOS VITELA', '6', 0.01, round(12.00/1.23, 3), '003', $FILE{/pt/ktc/openk/pos/images/6_carnes.png});
INSERT INTO PRODUCTS(ID, REFERENCE, CODE, NAME, CATEGORY, PRICEBUY, PRICESELL, TAXCAT, IMAGE) VALUES ('68', '68', '68', '(1/2) PESCADA       ', '7', 0.01, round(9.00/1.23, 3), '003', $FILE{/pt/ktc/openk/pos/images/7_peixes.png});
INSERT INTO PRODUCTS(ID, REFERENCE, CODE, NAME, CATEGORY, PRICEBUY, PRICESELL, TAXCAT, IMAGE) VALUES ('69', '69', '69', 'CARNE               ', '6', 0.01, round(12.50/1.23, 3), '003', $FILE{/pt/ktc/openk/pos/images/6_carnes.png});
INSERT INTO PRODUCTS(ID, REFERENCE, CODE, NAME, CATEGORY, PRICEBUY, PRICESELL, TAXCAT, IMAGE) VALUES ('70', '70', '70', '(1/2) CARNE         ', '6', 0.01, round(7.50/1.23, 3), '003', $FILE{/pt/ktc/openk/pos/images/6_carnes.png});
INSERT INTO PRODUCTS(ID, REFERENCE, CODE, NAME, CATEGORY, PRICEBUY, PRICESELL, TAXCAT, IMAGE) VALUES ('71', '71', '71', 'NACO DE MAMINHA     ', '6', 0.01, round(6.50/1.23, 3), '003', $FILE{/pt/ktc/openk/pos/images/6_carnes.png});
INSERT INTO PRODUCTS(ID, REFERENCE, CODE, NAME, CATEGORY, PRICEBUY, PRICESELL, TAXCAT, IMAGE) VALUES ('72', '72', '72', '(1/2) LEITAO        ', '6', 0.01, round(12.00/1.23, 3), '003', $FILE{/pt/ktc/openk/pos/images/6_carnes.png});
INSERT INTO PRODUCTS(ID, REFERENCE, CODE, NAME, CATEGORY, PRICEBUY, PRICESELL, TAXCAT, IMAGE) VALUES ('74', '74', '74', 'FRANGO CHURRASCO    ', '6', 0.01, round(10.00/1.23, 3), '003', $FILE{/pt/ktc/openk/pos/images/6_carnes.png});
INSERT INTO PRODUCTS(ID, REFERENCE, CODE, NAME, CATEGORY, PRICEBUY, PRICESELL, TAXCAT, IMAGE) VALUES ('75', '75', '75', '(1/2)FRANGO CHURRASC', '6', 0.01, round(5.00/1.23, 3), '003', $FILE{/pt/ktc/openk/pos/images/6_carnes.png});
INSERT INTO PRODUCTS(ID, REFERENCE, CODE, NAME, CATEGORY, PRICEBUY, PRICESELL, TAXCAT, IMAGE) VALUES ('80', '80', '80', 'POLVO COZIDO        ', '7', 0.01, round(16.50/1.23, 3), '003', $FILE{/pt/ktc/openk/pos/images/7_peixes.png});
INSERT INTO PRODUCTS(ID, REFERENCE, CODE, NAME, CATEGORY, PRICEBUY, PRICESELL, TAXCAT, IMAGE) VALUES ('81', '81', '81', '(1/2) POLVO COZIDO  ', '7', 0.01, round(10.00/1.23, 3), '003', $FILE{/pt/ktc/openk/pos/images/7_peixes.png});
INSERT INTO PRODUCTS(ID, REFERENCE, CODE, NAME, CATEGORY, PRICEBUY, PRICESELL, TAXCAT, IMAGE) VALUES ('86', '86', '86', 'ARROZ DE CABIDELA   ', '6', 0.01, round(10.00/1.23, 3), '003', $FILE{/pt/ktc/openk/pos/images/6_carnes.png});
INSERT INTO PRODUCTS(ID, REFERENCE, CODE, NAME, CATEGORY, PRICEBUY, PRICESELL, TAXCAT, IMAGE) VALUES ('87', '87', '87', '(1/2) ARROZ CABIDELA', '6', 0.01, round(6.25/1.23, 3), '003', $FILE{/pt/ktc/openk/pos/images/6_carnes.png});
INSERT INTO PRODUCTS(ID, REFERENCE, CODE, NAME, CATEGORY, PRICEBUY, PRICESELL, TAXCAT, IMAGE) VALUES ('92', '92', '92', 'PERU ESPETO         ', '6', 0.01, round(16.00/1.23, 3), '003', $FILE{/pt/ktc/openk/pos/images/6_carnes.png});
INSERT INTO PRODUCTS(ID, REFERENCE, CODE, NAME, CATEGORY, PRICEBUY, PRICESELL, TAXCAT, IMAGE) VALUES ('93', '93', '93', '(1/2) PERU ESPETO   ', '6', 0.01, round(10.00/1.23, 3), '003', $FILE{/pt/ktc/openk/pos/images/6_carnes.png});
INSERT INTO PRODUCTS(ID, REFERENCE, CODE, NAME, CATEGORY, PRICEBUY, PRICESELL, TAXCAT, IMAGE) VALUES ('95', '95', '95', 'NACO PICANHA        ', '6', 0.01, round(8.00/1.23, 3), '003', $FILE{/pt/ktc/openk/pos/images/6_carnes.png});
INSERT INTO PRODUCTS(ID, REFERENCE, CODE, NAME, CATEGORY, PRICEBUY, PRICESELL, TAXCAT, IMAGE) VALUES ('96', '96', '96', 'TRIPAS              ', '6', 0.01, round(11.25/1.23, 3), '003', $FILE{/pt/ktc/openk/pos/images/6_carnes.png});
INSERT INTO PRODUCTS(ID, REFERENCE, CODE, NAME, CATEGORY, PRICEBUY, PRICESELL, TAXCAT, IMAGE) VALUES ('97', '97', '97', '(1/2) TRIPAS        ', '6', 0.01, round(6.25/1.23, 3), '003', $FILE{/pt/ktc/openk/pos/images/6_carnes.png});
INSERT INTO PRODUCTS(ID, REFERENCE, CODE, NAME, CATEGORY, PRICEBUY, PRICESELL, TAXCAT, IMAGE) VALUES ('98', '98', '98', 'MAMINHA ESPETO      ', '6', 0.01, round(17.50/1.23, 3), '003', $FILE{/pt/ktc/openk/pos/images/6_carnes.png});
INSERT INTO PRODUCTS(ID, REFERENCE, CODE, NAME, CATEGORY, PRICEBUY, PRICESELL, TAXCAT, IMAGE) VALUES ('99', '99', '99', '(1/2) MAMINHA ESPETO', '6', 0.01, round(11.00/1.23, 3), '003', $FILE{/pt/ktc/openk/pos/images/6_carnes.png});
INSERT INTO PRODUCTS(ID, REFERENCE, CODE, NAME, CATEGORY, PRICEBUY, PRICESELL, TAXCAT, IMAGE) VALUES ('100', '100', '100', 'CAFE(S)             ', '10', 0.01, round(0.60/1.23, 3), '003', $FILE{/pt/ktc/openk/pos/images/10_cafetaria.png});
INSERT INTO PRODUCTS(ID, REFERENCE, CODE, NAME, CATEGORY, PRICEBUY, PRICESELL, TAXCAT, IMAGE) VALUES ('101', '101', '101', 'CEVADA/CARIOCA      ', '10', 0.01, round(0.60/1.23, 3), '003', $FILE{/pt/ktc/openk/pos/images/10_cafetaria.png});
INSERT INTO PRODUCTS(ID, REFERENCE, CODE, NAME, CATEGORY, PRICEBUY, PRICESELL, TAXCAT, IMAGE) VALUES ('102', '102', '102', 'MEIA DE LEITE       ', '10', 0.01, round(0.60/1.23, 3), '003', $FILE{/pt/ktc/openk/pos/images/10_cafetaria.png});
INSERT INTO PRODUCTS(ID, REFERENCE, CODE, NAME, CATEGORY, PRICEBUY, PRICESELL, TAXCAT, IMAGE) VALUES ('103', '103', '103', 'GALAO               ', '10', 0.01, round(0.60/1.23, 3), '003', $FILE{/pt/ktc/openk/pos/images/10_cafetaria.png});
INSERT INTO PRODUCTS(ID, REFERENCE, CODE, NAME, CATEGORY, PRICEBUY, PRICESELL, TAXCAT, IMAGE) VALUES ('105', '105', '105', 'CHA                 ', '10', 0.01, round(0.70/1.23, 3), '003', $FILE{/pt/ktc/openk/pos/images/10_cafetaria.png});
INSERT INTO PRODUCTS(ID, REFERENCE, CODE, NAME, CATEGORY, PRICEBUY, PRICESELL, TAXCAT, IMAGE) VALUES ('106', '106', '106', 'SANDE/TOSTA MISTA   ', '10', 0.01, round(1.25/1.23, 3), '003', $FILE{/pt/ktc/openk/pos/images/10_cafetaria.png});
INSERT INTO PRODUCTS(ID, REFERENCE, CODE, NAME, CATEGORY, PRICEBUY, PRICESELL, TAXCAT, IMAGE) VALUES ('107', '107', '107', 'SANDE QUEIJO/FIAMBRE', '10', 0.01, round(1.25/1.23, 3), '003', $FILE{/pt/ktc/openk/pos/images/10_cafetaria.png});
INSERT INTO PRODUCTS(ID, REFERENCE, CODE, NAME, CATEGORY, PRICEBUY, PRICESELL, TAXCAT, IMAGE) VALUES ('108', '108', '108', 'PRATINHOS POLVO     ', '10', 0.01, round(3.00/1.23, 3), '003', $FILE{/pt/ktc/openk/pos/images/10_cafetaria.png});
INSERT INTO PRODUCTS(ID, REFERENCE, CODE, NAME, CATEGORY, PRICEBUY, PRICESELL, TAXCAT, IMAGE) VALUES ('110', '110', '110', 'SANDE POLVO         ', '10', 0.01, round(2.00/1.23, 3), '003', $FILE{/pt/ktc/openk/pos/images/10_cafetaria.png});
INSERT INTO PRODUCTS(ID, REFERENCE, CODE, NAME, CATEGORY, PRICEBUY, PRICESELL, TAXCAT, IMAGE) VALUES ('111', '111', '111', 'PREGO NO PAO        ', '10', 0.01, round(3.00/1.23, 3), '003', $FILE{/pt/ktc/openk/pos/images/10_cafetaria.png});
INSERT INTO PRODUCTS(ID, REFERENCE, CODE, NAME, CATEGORY, PRICEBUY, PRICESELL, TAXCAT, IMAGE) VALUES ('112', '112', '112', 'PRATINHOS DIVERSOS  ', '10', 0.01, round(2.00/1.23, 3), '003', $FILE{/pt/ktc/openk/pos/images/10_cafetaria.png});
INSERT INTO PRODUCTS(ID, REFERENCE, CODE, NAME, CATEGORY, PRICEBUY, PRICESELL, TAXCAT, IMAGE) VALUES ('113', '113', '113', 'PRATINHO BRASILEIRA ', '10', 0.01, round(3.50/1.23, 3), '003', $FILE{/pt/ktc/openk/pos/images/10_cafetaria.png});
INSERT INTO PRODUCTS(ID, REFERENCE, CODE, NAME, CATEGORY, PRICEBUY, PRICESELL, TAXCAT, IMAGE) VALUES ('116', '116', '116', 'SANDE PRESUNTO      ', '10', 0.01, round(1.75/1.23, 3), '003', $FILE{/pt/ktc/openk/pos/images/10_cafetaria.png});
INSERT INTO PRODUCTS(ID, REFERENCE, CODE, NAME, CATEGORY, PRICEBUY, PRICESELL, TAXCAT, IMAGE) VALUES ('117', '117', '117', 'SANDES DIVERSAS     ', '10', 0.01, round(1.50/1.23, 3), '003', $FILE{/pt/ktc/openk/pos/images/10_cafetaria.png});
INSERT INTO PRODUCTS(ID, REFERENCE, CODE, NAME, CATEGORY, PRICEBUY, PRICESELL, TAXCAT, IMAGE) VALUES ('118', '118', '118', 'PRATINHO UNHAS      ', '10', 0.01, round(1.50/1.23, 3), '003', $FILE{/pt/ktc/openk/pos/images/10_cafetaria.png});
INSERT INTO PRODUCTS(ID, REFERENCE, CODE, NAME, CATEGORY, PRICEBUY, PRICESELL, TAXCAT, IMAGE) VALUES ('119', '119', '119', 'PRATINHO ORELHA     ', '10', 0.01, round(1.75/1.23, 3), '003', $FILE{/pt/ktc/openk/pos/images/10_cafetaria.png});
INSERT INTO PRODUCTS(ID, REFERENCE, CODE, NAME, CATEGORY, PRICEBUY, PRICESELL, TAXCAT, IMAGE) VALUES ('120', '120', '120', 'PRATINHO ROJOES     ', '10', 0.01, round(2.50/1.23, 3), '003', $FILE{/pt/ktc/openk/pos/images/10_cafetaria.png});
INSERT INTO PRODUCTS(ID, REFERENCE, CODE, NAME, CATEGORY, PRICEBUY, PRICESELL, TAXCAT, IMAGE) VALUES ('121', '121', '121', 'PRATINHO TRIPAS     ', '10', 0.01, round(3.50/1.23, 3), '003', $FILE{/pt/ktc/openk/pos/images/10_cafetaria.png});
INSERT INTO PRODUCTS(ID, REFERENCE, CODE, NAME, CATEGORY, PRICEBUY, PRICESELL, TAXCAT, IMAGE) VALUES ('122', '122', '122', 'PRATINHO MOELAS     ', '10', 0.01, round(2.50/1.23, 3), '003', $FILE{/pt/ktc/openk/pos/images/10_cafetaria.png});
INSERT INTO PRODUCTS(ID, REFERENCE, CODE, NAME, CATEGORY, PRICEBUY, PRICESELL, TAXCAT, IMAGE) VALUES ('123', '123', '123', 'SANDE FILETES       ', '10', 0.01, round(1.75/1.23, 3), '003', $FILE{/pt/ktc/openk/pos/images/10_cafetaria.png});
INSERT INTO PRODUCTS(ID, REFERENCE, CODE, NAME, CATEGORY, PRICEBUY, PRICESELL, TAXCAT, IMAGE) VALUES ('124', '124', '124', 'SANDE BACALHAU      ', '10', 0.01, round(1.75/1.23, 3), '003', $FILE{/pt/ktc/openk/pos/images/10_cafetaria.png});
INSERT INTO PRODUCTS(ID, REFERENCE, CODE, NAME, CATEGORY, PRICEBUY, PRICESELL, TAXCAT, IMAGE) VALUES ('125', '125', '125', 'SANDE PANADOS       ', '10', 0.01, round(1.75/1.23, 3), '003', $FILE{/pt/ktc/openk/pos/images/10_cafetaria.png});
INSERT INTO PRODUCTS(ID, REFERENCE, CODE, NAME, CATEGORY, PRICEBUY, PRICESELL, TAXCAT, IMAGE) VALUES ('126', '126', '126', 'SANDE ORELHA        ', '10', 0.01, round(1.25/1.23, 3), '003', $FILE{/pt/ktc/openk/pos/images/10_cafetaria.png});
INSERT INTO PRODUCTS(ID, REFERENCE, CODE, NAME, CATEGORY, PRICEBUY, PRICESELL, TAXCAT, IMAGE) VALUES ('127', '127', '127', 'SANDE ROJOES        ', '10', 0.01, round(2.00/1.23, 3), '003', $FILE{/pt/ktc/openk/pos/images/10_cafetaria.png});
INSERT INTO PRODUCTS(ID, REFERENCE, CODE, NAME, CATEGORY, PRICEBUY, PRICESELL, TAXCAT, IMAGE) VALUES ('128', '128', '128', 'SANDE CARNE ASSADA  ', '10', 0.01, round(2.25/1.23, 3), '003', $FILE{/pt/ktc/openk/pos/images/10_cafetaria.png});
INSERT INTO PRODUCTS(ID, REFERENCE, CODE, NAME, CATEGORY, PRICEBUY, PRICESELL, TAXCAT, IMAGE) VALUES ('129', '129', '129', 'OVOS COZIDOS        ', '10', 0.01, round(0.75/1.23, 3), '003', $FILE{/pt/ktc/openk/pos/images/10_cafetaria.png});
INSERT INTO PRODUCTS(ID, REFERENCE, CODE, NAME, CATEGORY, PRICEBUY, PRICESELL, TAXCAT, IMAGE) VALUES ('130', '130', '130', 'OVO ESTRELADO       ', '1', 0.01, round(1.00/1.23, 3), '003', $FILE{/pt/ktc/openk/pos/images/1_entradas.png});
INSERT INTO PRODUCTS(ID, REFERENCE, CODE, NAME, CATEGORY, PRICEBUY, PRICESELL, TAXCAT, IMAGE) VALUES ('161', '161', '161', 'OMELETE             ', '4', 0.01, round(5.00/1.23, 3), '003', $FILE{/pt/ktc/openk/pos/images/4_acompanhamentos.png});
INSERT INTO PRODUCTS(ID, REFERENCE, CODE, NAME, CATEGORY, PRICEBUY, PRICESELL, TAXCAT, IMAGE) VALUES ('162', '162', '162', 'BATATA FRITA        ', '4', 0.01, round(1.25/1.23, 3), '003', $FILE{/pt/ktc/openk/pos/images/4_acompanhamentos.png});
INSERT INTO PRODUCTS(ID, REFERENCE, CODE, NAME, CATEGORY, PRICEBUY, PRICESELL, TAXCAT, IMAGE) VALUES ('163', '163', '163', 'ARROZ               ', '4', 0.01, round(1.25/1.23, 3), '003', $FILE{/pt/ktc/openk/pos/images/4_acompanhamentos.png});
INSERT INTO PRODUCTS(ID, REFERENCE, CODE, NAME, CATEGORY, PRICEBUY, PRICESELL, TAXCAT, IMAGE) VALUES ('164', '164', '164', 'SALADA ESPECIAL     ', '4', 0.01, round(1.25/1.23, 3), '003', $FILE{/pt/ktc/openk/pos/images/4_acompanhamentos.png});
INSERT INTO PRODUCTS(ID, REFERENCE, CODE, NAME, CATEGORY, PRICEBUY, PRICESELL, TAXCAT, IMAGE) VALUES ('165', '165', '165', 'TABULEIRO           ', '4', 0.01, round(2.25/1.23, 3), '003', $FILE{/pt/ktc/openk/pos/images/4_acompanhamentos.png});
INSERT INTO PRODUCTS(ID, REFERENCE, CODE, NAME, CATEGORY, PRICEBUY, PRICESELL, TAXCAT, IMAGE) VALUES ('166', '166', '166', 'FEIJAO PRETO        ', '4', 0.01, round(1.25/1.23, 3), '003', $FILE{/pt/ktc/openk/pos/images/4_acompanhamentos.png});
INSERT INTO PRODUCTS(ID, REFERENCE, CODE, NAME, CATEGORY, PRICEBUY, PRICESELL, TAXCAT, IMAGE) VALUES ('167', '167', '167', 'BANANA FRITA        ', '4', 0.01, round(1.00/1.23, 3), '003', $FILE{/pt/ktc/openk/pos/images/4_acompanhamentos.png});
INSERT INTO PRODUCTS(ID, REFERENCE, CODE, NAME, CATEGORY, PRICEBUY, PRICESELL, TAXCAT, IMAGE) VALUES ('168', '168', '168', 'CALABRESA           ', '4', 0.01, round(1.25/1.23, 3), '003', $FILE{/pt/ktc/openk/pos/images/4_acompanhamentos.png});
INSERT INTO PRODUCTS(ID, REFERENCE, CODE, NAME, CATEGORY, PRICEBUY, PRICESELL, TAXCAT, IMAGE) VALUES ('169', '169', '169', 'GRELOS/COUVE MINEIRA', '4', 0.01, round(1.00/1.23, 3), '003', $FILE{/pt/ktc/openk/pos/images/4_acompanhamentos.png});
INSERT INTO PRODUCTS(ID, REFERENCE, CODE, NAME, CATEGORY, PRICEBUY, PRICESELL, TAXCAT, IMAGE) VALUES ('170', '170', '170', 'FEIJAO DUPLO        ', '4', 0.01, round(2.50/1.23, 3), '003', $FILE{/pt/ktc/openk/pos/images/4_acompanhamentos.png});
INSERT INTO PRODUCTS(ID, REFERENCE, CODE, NAME, CATEGORY, PRICEBUY, PRICESELL, TAXCAT, IMAGE) VALUES ('171', '171', '171', 'ABACAXI ASSADO      ', '4', 0.01, round(5.00/1.23, 3), '003', $FILE{/pt/ktc/openk/pos/images/4_acompanhamentos.png});
INSERT INTO PRODUCTS(ID, REFERENCE, CODE, NAME, CATEGORY, PRICEBUY, PRICESELL, TAXCAT, IMAGE) VALUES ('172', '172', '172', 'SALADA MISTA        ', '4', 0.01, round(1.50/1.23, 3), '003', $FILE{/pt/ktc/openk/pos/images/4_acompanhamentos.png});
INSERT INTO PRODUCTS(ID, REFERENCE, CODE, NAME, CATEGORY, PRICEBUY, PRICESELL, TAXCAT, IMAGE) VALUES ('173', '173', '173', 'COXINHAS FRANGO     ', '6', 0.01, round(1.25/1.23, 3), '003', $FILE{/pt/ktc/openk/pos/images/6_carnes.png});
INSERT INTO PRODUCTS(ID, REFERENCE, CODE, NAME, CATEGORY, PRICEBUY, PRICESELL, TAXCAT, IMAGE) VALUES ('174', '174', '174', 'PERU C BACON        ', '4', 0.01, round(1.25/1.23, 3), '003', $FILE{/pt/ktc/openk/pos/images/4_acompanhamentos.png});
INSERT INTO PRODUCTS(ID, REFERENCE, CODE, NAME, CATEGORY, PRICEBUY, PRICESELL, TAXCAT, IMAGE) VALUES ('198', '198', '198', 'PICANHA INTEIRA     ', '6', 0.01, round(11.00/1.23, 3), '003', $FILE{/pt/ktc/openk/pos/images/6_carnes.png});
INSERT INTO PRODUCTS(ID, REFERENCE, CODE, NAME, CATEGORY, PRICEBUY, PRICESELL, TAXCAT, IMAGE) VALUES ('199', '199', '199', 'SUMOL FRUTOS        ', '1', 0.01, round(1.50/1.23, 3), '003', $FILE{/pt/ktc/openk/pos/images/1_entradas.png});
INSERT INTO PRODUCTS(ID, REFERENCE, CODE, NAME, CATEGORY, PRICEBUY, PRICESELL, TAXCAT, IMAGE) VALUES ('200', '200', '200', 'NECTAR/COMPAL       ', '2', 0.01, round(1.00/1.23, 3), '003', $FILE{/pt/ktc/openk/pos/images/2_bebidas.png});
INSERT INTO PRODUCTS(ID, REFERENCE, CODE, NAME, CATEGORY, PRICEBUY, PRICESELL, TAXCAT, IMAGE) VALUES ('201', '201', '201', 'SUMO GRANDE         ', '2', 0.01, round(4.00/1.23, 3), '003', $FILE{/pt/ktc/openk/pos/images/2_bebidas.png});
INSERT INTO PRODUCTS(ID, REFERENCE, CODE, NAME, CATEGORY, PRICEBUY, PRICESELL, TAXCAT, IMAGE) VALUES ('202', '202', '202', 'AGUA PEQUENA        ', '2', 0.01, round(0.95/1.23, 3), '003', $FILE{/pt/ktc/openk/pos/images/2_bebidas.png});
INSERT INTO PRODUCTS(ID, REFERENCE, CODE, NAME, CATEGORY, PRICEBUY, PRICESELL, TAXCAT, IMAGE) VALUES ('203', '203', '203', 'AGUA GRANDE         ', '2', 0.01, round(1.50/1.23, 3), '003', $FILE{/pt/ktc/openk/pos/images/2_bebidas.png});
INSERT INTO PRODUCTS(ID, REFERENCE, CODE, NAME, CATEGORY, PRICEBUY, PRICESELL, TAXCAT, IMAGE) VALUES ('204', '204', '204', 'AGUA COM GAS        ', '2', 0.01, round(0.60/1.23, 3), '003', $FILE{/pt/ktc/openk/pos/images/2_bebidas.png});
INSERT INTO PRODUCTS(ID, REFERENCE, CODE, NAME, CATEGORY, PRICEBUY, PRICESELL, TAXCAT, IMAGE) VALUES ('205', '205', '205', 'GUARANA             ', '2', 0.01, round(1.00/1.23, 3), '003', $FILE{/pt/ktc/openk/pos/images/2_bebidas.png});
INSERT INTO PRODUCTS(ID, REFERENCE, CODE, NAME, CATEGORY, PRICEBUY, PRICESELL, TAXCAT, IMAGE) VALUES ('206', '206', '206', 'CERVEJA             ', '2', 0.01, round(1.10/1.23, 3), '003', $FILE{/pt/ktc/openk/pos/images/2_bebidas.png});
INSERT INTO PRODUCTS(ID, REFERENCE, CODE, NAME, CATEGORY, PRICEBUY, PRICESELL, TAXCAT, IMAGE) VALUES ('207', '207', '207', 'MINI                ', '2', 0.01, round(0.90/1.23, 3), '003', $FILE{/pt/ktc/openk/pos/images/2_bebidas.png});
INSERT INTO PRODUCTS(ID, REFERENCE, CODE, NAME, CATEGORY, PRICEBUY, PRICESELL, TAXCAT, IMAGE) VALUES ('208', '208', '208', 'AGUA LIMAO          ', '2', 0.01, round(1.00/1.23, 3), '003', $FILE{/pt/ktc/openk/pos/images/2_bebidas.png});
INSERT INTO PRODUCTS(ID, REFERENCE, CODE, NAME, CATEGORY, PRICEBUY, PRICESELL, TAXCAT, IMAGE) VALUES ('209', '209', '209', 'CERVEJA SEM ALCOOL  ', '2', 0.01, round(1.10/1.23, 3), '003', $FILE{/pt/ktc/openk/pos/images/2_bebidas.png});
INSERT INTO PRODUCTS(ID, REFERENCE, CODE, NAME, CATEGORY, PRICEBUY, PRICESELL, TAXCAT, IMAGE) VALUES ('210', '210', '210', '7 UP/PEPSI 1L       ', '2', 0.01, round(3.00/1.23, 3), '003', $FILE{/pt/ktc/openk/pos/images/2_bebidas.png});
INSERT INTO PRODUCTS(ID, REFERENCE, CODE, NAME, CATEGORY, PRICEBUY, PRICESELL, TAXCAT, IMAGE) VALUES ('211', '211', '211', 'SUMO 0,33 / LATA    ', '2', 0.01, round(1.10/1.23, 3), '003', $FILE{/pt/ktc/openk/pos/images/2_bebidas.png});
INSERT INTO PRODUCTS(ID, REFERENCE, CODE, NAME, CATEGORY, PRICEBUY, PRICESELL, TAXCAT, IMAGE) VALUES ('212', '212', '212', 'AGUA LITRO          ', '2', 0.01, round(1.65/1.23, 3), '003', $FILE{/pt/ktc/openk/pos/images/2_bebidas.png});
INSERT INTO PRODUCTS(ID, REFERENCE, CODE, NAME, CATEGORY, PRICEBUY, PRICESELL, TAXCAT, IMAGE) VALUES ('213', '213', '213', 'FINO 0,25           ', '2', 0.01, round(1.00/1.23, 3), '003', $FILE{/pt/ktc/openk/pos/images/2_bebidas.png});
INSERT INTO PRODUCTS(ID, REFERENCE, CODE, NAME, CATEGORY, PRICEBUY, PRICESELL, TAXCAT, IMAGE) VALUES ('214', '214', '214', 'FINO 0,33/CARLSBERG ', '2', 0.01, round(1.10/1.23, 3), '003', $FILE{/pt/ktc/openk/pos/images/2_bebidas.png});
INSERT INTO PRODUCTS(ID, REFERENCE, CODE, NAME, CATEGORY, PRICEBUY, PRICESELL, TAXCAT, IMAGE) VALUES ('215', '215', '215', 'FINO 0,40           ', '2', 0.01, round(1.20/1.23, 3), '003', $FILE{/pt/ktc/openk/pos/images/2_bebidas.png});
INSERT INTO PRODUCTS(ID, REFERENCE, CODE, NAME, CATEGORY, PRICEBUY, PRICESELL, TAXCAT, IMAGE) VALUES ('216', '216', '216', 'ICE TEA 0,33        ', '2', 0.01, round(1.00/1.23, 3), '003', $FILE{/pt/ktc/openk/pos/images/2_bebidas.png});
INSERT INTO PRODUCTS(ID, REFERENCE, CODE, NAME, CATEGORY, PRICEBUY, PRICESELL, TAXCAT, IMAGE) VALUES ('217', '217', '217', 'CANECA CERVEJA      ', '2', 0.01, round(2.00/1.23, 3), '003', $FILE{/pt/ktc/openk/pos/images/2_bebidas.png});
INSERT INTO PRODUCTS(ID, REFERENCE, CODE, NAME, CATEGORY, PRICEBUY, PRICESELL, TAXCAT, IMAGE) VALUES ('218', '218', '218', 'SUMO NATURAL        ', '2', 0.01, round(1.75/1.23, 3), '003', $FILE{/pt/ktc/openk/pos/images/2_bebidas.png});
INSERT INTO PRODUCTS(ID, REFERENCE, CODE, NAME, CATEGORY, PRICEBUY, PRICESELL, TAXCAT, IMAGE) VALUES ('219', '219', '219', 'V.MADURO COPO       ', '3', 0.01, round(0.60/1.23, 3), '003', $FILE{/pt/ktc/openk/pos/images/3_vinhos.png});
INSERT INTO PRODUCTS(ID, REFERENCE, CODE, NAME, CATEGORY, PRICEBUY, PRICESELL, TAXCAT, IMAGE) VALUES ('220', '220', '220', 'V.PRESSAO COPO      ', '3', 0.01, round(0.70/1.23, 3), '003', $FILE{/pt/ktc/openk/pos/images/3_vinhos.png});
INSERT INTO PRODUCTS(ID, REFERENCE, CODE, NAME, CATEGORY, PRICEBUY, PRICESELL, TAXCAT, IMAGE) VALUES ('221', '221', '221', 'CANECA BRANCA       ', '3', 0.01, round(1.00/1.23, 3), '003', $FILE{/pt/ktc/openk/pos/images/3_vinhos.png});
INSERT INTO PRODUCTS(ID, REFERENCE, CODE, NAME, CATEGORY, PRICEBUY, PRICESELL, TAXCAT, IMAGE) VALUES ('222', '222', '222', 'DIVERSOS            ', '10', 0.01, round(0.00/1.23, 3), '003', $FILE{/pt/ktc/openk/pos/images/10_cafetaria.png});
INSERT INTO PRODUCTS(ID, REFERENCE, CODE, NAME, CATEGORY, PRICEBUY, PRICESELL, TAXCAT, IMAGE) VALUES ('223', '223', '223', 'J.P.TRINCADEIRA     ', '3', 0.01, round(20.00/1.23, 3), '003', $FILE{/pt/ktc/openk/pos/images/3_vinhos.png});
INSERT INTO PRODUCTS(ID, REFERENCE, CODE, NAME, CATEGORY, PRICEBUY, PRICESELL, TAXCAT, IMAGE) VALUES ('224', '224', '224', 'J.P.ARAGONES        ', '3', 0.01, round(20.00/1.23, 3), '003', $FILE{/pt/ktc/openk/pos/images/3_vinhos.png});
INSERT INTO PRODUCTS(ID, REFERENCE, CODE, NAME, CATEGORY, PRICEBUY, PRICESELL, TAXCAT, IMAGE) VALUES ('225', '225', '225', 'TUELLA              ', '3', 0.01, round(7.50/1.23, 3), '003', $FILE{/pt/ktc/openk/pos/images/3_vinhos.png});
INSERT INTO PRODUCTS(ID, REFERENCE, CODE, NAME, CATEGORY, PRICEBUY, PRICESELL, TAXCAT, IMAGE) VALUES ('226', '226', '226', 'TUELLA RESERVA 99   ', '3', 0.01, round(12.50/1.23, 3), '003', $FILE{/pt/ktc/openk/pos/images/3_vinhos.png});
INSERT INTO PRODUCTS(ID, REFERENCE, CODE, NAME, CATEGORY, PRICEBUY, PRICESELL, TAXCAT, IMAGE) VALUES ('227', '227', '227', 'QTA COTTO           ', '3', 0.01, round(22.00/1.23, 3), '003', $FILE{/pt/ktc/openk/pos/images/3_vinhos.png});
INSERT INTO PRODUCTS(ID, REFERENCE, CODE, NAME, CATEGORY, PRICEBUY, PRICESELL, TAXCAT, IMAGE) VALUES ('228', '228', '228', 'QTA PACHECA         ', '3', 0.01, round(19.00/1.23, 3), '003', $FILE{/pt/ktc/openk/pos/images/3_vinhos.png});
INSERT INTO PRODUCTS(ID, REFERENCE, CODE, NAME, CATEGORY, PRICEBUY, PRICESELL, TAXCAT, IMAGE) VALUES ('229', '229', '229', 'S.DOMINGOS 83 GARRAF', '3', 0.01, round(22.50/1.23, 3), '003', $FILE{/pt/ktc/openk/pos/images/3_vinhos.png});
INSERT INTO PRODUCTS(ID, REFERENCE, CODE, NAME, CATEGORY, PRICEBUY, PRICESELL, TAXCAT, IMAGE) VALUES ('230', '230', '230', 'PORTA CAV. RESERVA  ', '3', 0.01, round(20.00/1.23, 3), '003', $FILE{/pt/ktc/openk/pos/images/3_vinhos.png});
INSERT INTO PRODUCTS(ID, REFERENCE, CODE, NAME, CATEGORY, PRICEBUY, PRICESELL, TAXCAT, IMAGE) VALUES ('231', '231', '231', 'MESAO 0,75          ', '3', 0.01, round(5.00/1.23, 3), '003', $FILE{/pt/ktc/openk/pos/images/3_vinhos.png});
INSERT INTO PRODUCTS(ID, REFERENCE, CODE, NAME, CATEGORY, PRICEBUY, PRICESELL, TAXCAT, IMAGE) VALUES ('232', '232', '232', 'MESAO 0,37          ', '3', 0.01, round(2.75/1.23, 3), '003', $FILE{/pt/ktc/openk/pos/images/3_vinhos.png});
INSERT INTO PRODUCTS(ID, REFERENCE, CODE, NAME, CATEGORY, PRICEBUY, PRICESELL, TAXCAT, IMAGE) VALUES ('233', '233', '233', 'TINTO DA TALHA      ', '3', 0.01, round(7.50/1.23, 3), '003', $FILE{/pt/ktc/openk/pos/images/3_vinhos.png});
INSERT INTO PRODUCTS(ID, REFERENCE, CODE, NAME, CATEGORY, PRICEBUY, PRICESELL, TAXCAT, IMAGE) VALUES ('234', '234', '234', 'SANTA MARTA VPQRD   ', '3', 0.01, round(5.00/1.23, 3), '003', $FILE{/pt/ktc/openk/pos/images/3_vinhos.png});
INSERT INTO PRODUCTS(ID, REFERENCE, CODE, NAME, CATEGORY, PRICEBUY, PRICESELL, TAXCAT, IMAGE) VALUES ('235', '235', '235', 'MURALHAS (1/2)      ', '3', 0.01, round(5.00/1.23, 3), '003', $FILE{/pt/ktc/openk/pos/images/3_vinhos.png});
INSERT INTO PRODUCTS(ID, REFERENCE, CODE, NAME, CATEGORY, PRICEBUY, PRICESELL, TAXCAT, IMAGE) VALUES ('236', '236', '236', 'SAO JOAO RESERVA MAG', '3', 0.01, round(50.00/1.23, 3), '003', $FILE{/pt/ktc/openk/pos/images/3_vinhos.png});
INSERT INTO PRODUCTS(ID, REFERENCE, CODE, NAME, CATEGORY, PRICEBUY, PRICESELL, TAXCAT, IMAGE) VALUES ('238', '238', '238', 'SAO DOMINGOS        ', '3', 0.01, round(6.00/1.23, 3), '003', $FILE{/pt/ktc/openk/pos/images/3_vinhos.png});
INSERT INTO PRODUCTS(ID, REFERENCE, CODE, NAME, CATEGORY, PRICEBUY, PRICESELL, TAXCAT, IMAGE) VALUES ('239', '239', '239', 'QTA ACIPRESTES      ', '3', 0.01, round(12.50/1.23, 3), '003', $FILE{/pt/ktc/openk/pos/images/3_vinhos.png});
INSERT INTO PRODUCTS(ID, REFERENCE, CODE, NAME, CATEGORY, PRICEBUY, PRICESELL, TAXCAT, IMAGE) VALUES ('240', '240', '240', 'S.DOMINGOS GARRAFEIR', '3', 0.01, round(20.00/1.23, 3), '003', $FILE{/pt/ktc/openk/pos/images/3_vinhos.png});
INSERT INTO PRODUCTS(ID, REFERENCE, CODE, NAME, CATEGORY, PRICEBUY, PRICESELL, TAXCAT, IMAGE) VALUES ('241', '241', '241', 'CHAMINE             ', '3', 0.01, round(9.90/1.23, 3), '003', $FILE{/pt/ktc/openk/pos/images/3_vinhos.png});
INSERT INTO PRODUCTS(ID, REFERENCE, CODE, NAME, CATEGORY, PRICEBUY, PRICESELL, TAXCAT, IMAGE) VALUES ('242', '242', '242', 'MORGADO REGUENGO    ', '3', 0.01, round(13.00/1.23, 3), '003', $FILE{/pt/ktc/openk/pos/images/3_vinhos.png});
INSERT INTO PRODUCTS(ID, REFERENCE, CODE, NAME, CATEGORY, PRICEBUY, PRICESELL, TAXCAT, IMAGE) VALUES ('243', '243', '243', 'CANECA 1 L          ', '3', 0.01, round(5.00/1.23, 3), '003', $FILE{/pt/ktc/openk/pos/images/3_vinhos.png});
INSERT INTO PRODUCTS(ID, REFERENCE, CODE, NAME, CATEGORY, PRICEBUY, PRICESELL, TAXCAT, IMAGE) VALUES ('244', '244', '244', 'MATEUS ROSE         ', '3', 0.01, round(7.00/1.23, 3), '003', $FILE{/pt/ktc/openk/pos/images/3_vinhos.png});
INSERT INTO PRODUCTS(ID, REFERENCE, CODE, NAME, CATEGORY, PRICEBUY, PRICESELL, TAXCAT, IMAGE) VALUES ('245', '245', '245', 'PORTA CAV.95 RES    ', '3', 0.01, round(20.00/1.23, 3), '003', $FILE{/pt/ktc/openk/pos/images/3_vinhos.png});
INSERT INTO PRODUCTS(ID, REFERENCE, CODE, NAME, CATEGORY, PRICEBUY, PRICESELL, TAXCAT, IMAGE) VALUES ('246', '246', '246', 'E.A.                ', '3', 0.01, round(9.50/1.23, 3), '003', $FILE{/pt/ktc/openk/pos/images/3_vinhos.png});
INSERT INTO PRODUCTS(ID, REFERENCE, CODE, NAME, CATEGORY, PRICEBUY, PRICESELL, TAXCAT, IMAGE) VALUES ('248', '248', '248', 'ESTEVA TINTO        ', '3', 0.01, round(8.00/1.23, 3), '003', $FILE{/pt/ktc/openk/pos/images/3_vinhos.png});
INSERT INTO PRODUCTS(ID, REFERENCE, CODE, NAME, CATEGORY, PRICEBUY, PRICESELL, TAXCAT, IMAGE) VALUES ('249', '249', '249', '(1/2) M.VELHO/ESTEVA', '3', 0.01, round(4.00/1.23, 3), '003', $FILE{/pt/ktc/openk/pos/images/3_vinhos.png});
INSERT INTO PRODUCTS(ID, REFERENCE, CODE, NAME, CATEGORY, PRICEBUY, PRICESELL, TAXCAT, IMAGE) VALUES ('250', '250', '250', '1/2 ALENTEJO        ', '3', 0.01, round(3.25/1.23, 3), '003', $FILE{/pt/ktc/openk/pos/images/3_vinhos.png});
INSERT INTO PRODUCTS(ID, REFERENCE, CODE, NAME, CATEGORY, PRICEBUY, PRICESELL, TAXCAT, IMAGE) VALUES ('251', '251', '251', 'REGUENGOS D.O.C.    ', '3', 0.01, round(7.00/1.23, 3), '003', $FILE{/pt/ktc/openk/pos/images/3_vinhos.png});
INSERT INTO PRODUCTS(ID, REFERENCE, CODE, NAME, CATEGORY, PRICEBUY, PRICESELL, TAXCAT, IMAGE) VALUES ('252', '252', '252', 'BORBA VPQRD         ', '3', 0.01, round(7.00/1.23, 3), '003', $FILE{/pt/ktc/openk/pos/images/3_vinhos.png});
INSERT INTO PRODUCTS(ID, REFERENCE, CODE, NAME, CATEGORY, PRICEBUY, PRICESELL, TAXCAT, IMAGE) VALUES ('253', '253', '253', 'MONTE VELHO         ', '3', 0.01, round(8.00/1.23, 3), '003', $FILE{/pt/ktc/openk/pos/images/3_vinhos.png});
INSERT INTO PRODUCTS(ID, REFERENCE, CODE, NAME, CATEGORY, PRICEBUY, PRICESELL, TAXCAT, IMAGE) VALUES ('254', '254', '254', 'PORTA DA RAVESSA    ', '3', 0.01, round(7.00/1.23, 3), '003', $FILE{/pt/ktc/openk/pos/images/3_vinhos.png});
INSERT INTO PRODUCTS(ID, REFERENCE, CODE, NAME, CATEGORY, PRICEBUY, PRICESELL, TAXCAT, IMAGE) VALUES ('255', '255', '255', 'QTA DA BACALHOA 99  ', '3', 0.01, round(32.00/1.23, 3), '003', $FILE{/pt/ktc/openk/pos/images/3_vinhos.png});
INSERT INTO PRODUCTS(ID, REFERENCE, CODE, NAME, CATEGORY, PRICEBUY, PRICESELL, TAXCAT, IMAGE) VALUES ('256', '256', '256', 'QTA PANCAS SPECIAL S', '3', 0.01, round(30.00/1.23, 3), '003', $FILE{/pt/ktc/openk/pos/images/3_vinhos.png});
INSERT INTO PRODUCTS(ID, REFERENCE, CODE, NAME, CATEGORY, PRICEBUY, PRICESELL, TAXCAT, IMAGE) VALUES ('257', '257', '257', 'PORTA CAV.91 RES    ', '3', 0.01, round(25.00/1.23, 3), '003', $FILE{/pt/ktc/openk/pos/images/3_vinhos.png});
INSERT INTO PRODUCTS(ID, REFERENCE, CODE, NAME, CATEGORY, PRICEBUY, PRICESELL, TAXCAT, IMAGE) VALUES ('258', '258', '258', 'LUIS PATO BAGA      ', '3', 0.01, round(12.50/1.23, 3), '003', $FILE{/pt/ktc/openk/pos/images/3_vinhos.png});
INSERT INTO PRODUCTS(ID, REFERENCE, CODE, NAME, CATEGORY, PRICEBUY, PRICESELL, TAXCAT, IMAGE) VALUES ('259', '259', '259', 'QTA CARDO           ', '3', 0.01, round(10.00/1.23, 3), '003', $FILE{/pt/ktc/openk/pos/images/3_vinhos.png});
INSERT INTO PRODUCTS(ID, REFERENCE, CODE, NAME, CATEGORY, PRICEBUY, PRICESELL, TAXCAT, IMAGE) VALUES ('260', '260', '260', 'C.GARCIA 0,75       ', '3', 0.01, round(8.00/1.23, 3), '003', $FILE{/pt/ktc/openk/pos/images/3_vinhos.png});
INSERT INTO PRODUCTS(ID, REFERENCE, CODE, NAME, CATEGORY, PRICEBUY, PRICESELL, TAXCAT, IMAGE) VALUES ('261', '261', '261', 'C.GARCIA 0,37       ', '3', 0.01, round(4.00/1.23, 3), '003', $FILE{/pt/ktc/openk/pos/images/3_vinhos.png});
INSERT INTO PRODUCTS(ID, REFERENCE, CODE, NAME, CATEGORY, PRICEBUY, PRICESELL, TAXCAT, IMAGE) VALUES ('262', '262', '262', 'PONTE LIMA 0,75     ', '3', 0.01, round(8.00/1.23, 3), '003', $FILE{/pt/ktc/openk/pos/images/3_vinhos.png});
INSERT INTO PRODUCTS(ID, REFERENCE, CODE, NAME, CATEGORY, PRICEBUY, PRICESELL, TAXCAT, IMAGE) VALUES ('263', '263', '263', 'PONTE LIMA 0,37     ', '3', 0.01, round(4.00/1.23, 3), '003', $FILE{/pt/ktc/openk/pos/images/3_vinhos.png});
INSERT INTO PRODUCTS(ID, REFERENCE, CODE, NAME, CATEGORY, PRICEBUY, PRICESELL, TAXCAT, IMAGE) VALUES ('264', '264', '264', 'QTA AVELEDA 0,75    ', '3', 0.01, round(8.00/1.23, 3), '003', $FILE{/pt/ktc/openk/pos/images/3_vinhos.png});
INSERT INTO PRODUCTS(ID, REFERENCE, CODE, NAME, CATEGORY, PRICEBUY, PRICESELL, TAXCAT, IMAGE) VALUES ('265', '265', '265', 'QTA AVELEDA 0,37    ', '3', 0.01, round(4.00/1.23, 3), '003', $FILE{/pt/ktc/openk/pos/images/3_vinhos.png});
INSERT INTO PRODUCTS(ID, REFERENCE, CODE, NAME, CATEGORY, PRICEBUY, PRICESELL, TAXCAT, IMAGE) VALUES ('266', '266', '266', 'AVELEDA FONTE       ', '3', 0.01, round(7.00/1.23, 3), '003', $FILE{/pt/ktc/openk/pos/images/3_vinhos.png});
INSERT INTO PRODUCTS(ID, REFERENCE, CODE, NAME, CATEGORY, PRICEBUY, PRICESELL, TAXCAT, IMAGE) VALUES ('267', '267', '267', 'GAZELA              ', '3', 0.01, round(7.00/1.23, 3), '003', $FILE{/pt/ktc/openk/pos/images/3_vinhos.png});
INSERT INTO PRODUCTS(ID, REFERENCE, CODE, NAME, CATEGORY, PRICEBUY, PRICESELL, TAXCAT, IMAGE) VALUES ('268', '268', '268', 'LOUREIRO            ', '3', 0.01, round(7.00/1.23, 3), '003', $FILE{/pt/ktc/openk/pos/images/3_vinhos.png});
INSERT INTO PRODUCTS(ID, REFERENCE, CODE, NAME, CATEGORY, PRICEBUY, PRICESELL, TAXCAT, IMAGE) VALUES ('269', '269', '269', 'MURALHAS DE MONCAO  ', '3', 0.01, round(9.00/1.23, 3), '003', $FILE{/pt/ktc/openk/pos/images/3_vinhos.png});
INSERT INTO PRODUCTS(ID, REFERENCE, CODE, NAME, CATEGORY, PRICEBUY, PRICESELL, TAXCAT, IMAGE) VALUES ('271', '271', '271', 'PRESSAO O,75 (V)    ', '3', 0.01, round(4.50/1.23, 3), '003', $FILE{/pt/ktc/openk/pos/images/3_vinhos.png});
INSERT INTO PRODUCTS(ID, REFERENCE, CODE, NAME, CATEGORY, PRICEBUY, PRICESELL, TAXCAT, IMAGE) VALUES ('272', '272', '272', 'PRESSAO 0,37 (V)    ', '3', 0.01, round(3.00/1.23, 3), '003', $FILE{/pt/ktc/openk/pos/images/3_vinhos.png});
INSERT INTO PRODUCTS(ID, REFERENCE, CODE, NAME, CATEGORY, PRICEBUY, PRICESELL, TAXCAT, IMAGE) VALUES ('273', '273', '273', 'JARRO 0,75 (M)      ', '3', 0.01, round(4.00/1.23, 3), '003', $FILE{/pt/ktc/openk/pos/images/3_vinhos.png});
INSERT INTO PRODUCTS(ID, REFERENCE, CODE, NAME, CATEGORY, PRICEBUY, PRICESELL, TAXCAT, IMAGE) VALUES ('274', '274', '274', 'JARRO 0,37 (M)      ', '3', 0.01, round(2.00/1.23, 3), '003', $FILE{/pt/ktc/openk/pos/images/3_vinhos.png});
INSERT INTO PRODUCTS(ID, REFERENCE, CODE, NAME, CATEGORY, PRICEBUY, PRICESELL, TAXCAT, IMAGE) VALUES ('275', '275', '275', 'BORBA RESERVA       ', '3', 0.01, round(15.50/1.23, 3), '003', $FILE{/pt/ktc/openk/pos/images/3_vinhos.png});
INSERT INTO PRODUCTS(ID, REFERENCE, CODE, NAME, CATEGORY, PRICEBUY, PRICESELL, TAXCAT, IMAGE) VALUES ('277', '277', '277', 'CASA SANTAR RESERVA ', '3', 0.01, round(20.00/1.23, 3), '003', $FILE{/pt/ktc/openk/pos/images/3_vinhos.png});
INSERT INTO PRODUCTS(ID, REFERENCE, CODE, NAME, CATEGORY, PRICEBUY, PRICESELL, TAXCAT, IMAGE) VALUES ('278', '278', '278', 'CASA SANTAR         ', '3', 0.01, round(10.00/1.23, 3), '003', $FILE{/pt/ktc/openk/pos/images/3_vinhos.png});
INSERT INTO PRODUCTS(ID, REFERENCE, CODE, NAME, CATEGORY, PRICEBUY, PRICESELL, TAXCAT, IMAGE) VALUES ('279', '279', '279', 'SANTOS LIMA TOURIGA ', '3', 0.01, round(11.00/1.23, 3), '003', $FILE{/pt/ktc/openk/pos/images/3_vinhos.png});
INSERT INTO PRODUCTS(ID, REFERENCE, CODE, NAME, CATEGORY, PRICEBUY, PRICESELL, TAXCAT, IMAGE) VALUES ('280', '280', '280', 'PORTA CAVALEIROS    ', '3', 0.01, round(7.00/1.23, 3), '003', $FILE{/pt/ktc/openk/pos/images/3_vinhos.png});
INSERT INTO PRODUCTS(ID, REFERENCE, CODE, NAME, CATEGORY, PRICEBUY, PRICESELL, TAXCAT, IMAGE) VALUES ('281', '281', '281', 'ESPORAO RESERVA     ', '3', 0.01, round(30.00/1.23, 3), '003', $FILE{/pt/ktc/openk/pos/images/3_vinhos.png});
INSERT INTO PRODUCTS(ID, REFERENCE, CODE, NAME, CATEGORY, PRICEBUY, PRICESELL, TAXCAT, IMAGE) VALUES ('282', '282', '282', 'MONSARAZ            ', '3', 0.01, round(7.50/1.23, 3), '003', $FILE{/pt/ktc/openk/pos/images/3_vinhos.png});
INSERT INTO PRODUCTS(ID, REFERENCE, CODE, NAME, CATEGORY, PRICEBUY, PRICESELL, TAXCAT, IMAGE) VALUES ('283', '283', '283', 'QTA CARDO T.NACIONAL', '3', 0.01, round(15.00/1.23, 3), '003', $FILE{/pt/ktc/openk/pos/images/3_vinhos.png});
INSERT INTO PRODUCTS(ID, REFERENCE, CODE, NAME, CATEGORY, PRICEBUY, PRICESELL, TAXCAT, IMAGE) VALUES ('284', '284', '284', 'LUIS PATO           ', '3', 0.01, round(12.50/1.23, 3), '003', $FILE{/pt/ktc/openk/pos/images/3_vinhos.png});
INSERT INTO PRODUCTS(ID, REFERENCE, CODE, NAME, CATEGORY, PRICEBUY, PRICESELL, TAXCAT, IMAGE) VALUES ('285', '285', '285', 'DOM MARTINHO        ', '3', 0.01, round(14.00/1.23, 3), '003', $FILE{/pt/ktc/openk/pos/images/3_vinhos.png});
INSERT INTO PRODUCTS(ID, REFERENCE, CODE, NAME, CATEGORY, PRICEBUY, PRICESELL, TAXCAT, IMAGE) VALUES ('286', '286', '286', 'QTA BACALHOA        ', '3', 0.01, round(32.00/1.23, 3), '003', $FILE{/pt/ktc/openk/pos/images/3_vinhos.png});
INSERT INTO PRODUCTS(ID, REFERENCE, CODE, NAME, CATEGORY, PRICEBUY, PRICESELL, TAXCAT, IMAGE) VALUES ('287', '287', '287', 'CARTUXA             ', '3', 0.01, round(25.00/1.23, 3), '003', $FILE{/pt/ktc/openk/pos/images/3_vinhos.png});
INSERT INTO PRODUCTS(ID, REFERENCE, CODE, NAME, CATEGORY, PRICEBUY, PRICESELL, TAXCAT, IMAGE) VALUES ('288', '288', '288', 'MARQ BORBA BRANCO   ', '3', 0.01, round(10.00/1.23, 3), '003', $FILE{/pt/ktc/openk/pos/images/3_vinhos.png});
INSERT INTO PRODUCTS(ID, REFERENCE, CODE, NAME, CATEGORY, PRICEBUY, PRICESELL, TAXCAT, IMAGE) VALUES ('289', '289', '289', 'REGUENGOS RESERVA 98', '3', 0.01, round(13.00/1.23, 3), '003', $FILE{/pt/ktc/openk/pos/images/3_vinhos.png});
INSERT INTO PRODUCTS(ID, REFERENCE, CODE, NAME, CATEGORY, PRICEBUY, PRICESELL, TAXCAT, IMAGE) VALUES ('290', '290', '290', 'QTA SAIRRAO GRD ESC.', '3', 0.01, round(20.00/1.23, 3), '003', $FILE{/pt/ktc/openk/pos/images/3_vinhos.png});
INSERT INTO PRODUCTS(ID, REFERENCE, CODE, NAME, CATEGORY, PRICEBUY, PRICESELL, TAXCAT, IMAGE) VALUES ('291', '291', '291', 'QTA SAIRRAO         ', '3', 0.01, round(10.00/1.23, 3), '003', $FILE{/pt/ktc/openk/pos/images/3_vinhos.png});
INSERT INTO PRODUCTS(ID, REFERENCE, CODE, NAME, CATEGORY, PRICEBUY, PRICESELL, TAXCAT, IMAGE) VALUES ('292', '292', '292', 'SAO JOAO RESERVA 95 ', '3', 0.01, round(16.00/1.23, 3), '003', $FILE{/pt/ktc/openk/pos/images/3_vinhos.png});
INSERT INTO PRODUCTS(ID, REFERENCE, CODE, NAME, CATEGORY, PRICEBUY, PRICESELL, TAXCAT, IMAGE) VALUES ('293', '293', '293', 'QTA PANCAS CAB.S 98 ', '3', 0.01, round(9.00/1.23, 3), '003', $FILE{/pt/ktc/openk/pos/images/3_vinhos.png});
INSERT INTO PRODUCTS(ID, REFERENCE, CODE, NAME, CATEGORY, PRICEBUY, PRICESELL, TAXCAT, IMAGE) VALUES ('294', '294', '294', 'QTA CARVALHINHO 90  ', '3', 0.01, round(15.00/1.23, 3), '003', $FILE{/pt/ktc/openk/pos/images/3_vinhos.png});
INSERT INTO PRODUCTS(ID, REFERENCE, CODE, NAME, CATEGORY, PRICEBUY, PRICESELL, TAXCAT, IMAGE) VALUES ('295', '295', '295', 'MARQUES DE BORBA    ', '3', 0.01, round(15.00/1.23, 3), '003', $FILE{/pt/ktc/openk/pos/images/3_vinhos.png});
INSERT INTO PRODUCTS(ID, REFERENCE, CODE, NAME, CATEGORY, PRICEBUY, PRICESELL, TAXCAT, IMAGE) VALUES ('296', '296', '296', 'TAPADA COELHEIROS   ', '3', 0.01, round(40.00/1.23, 3), '003', $FILE{/pt/ktc/openk/pos/images/3_vinhos.png});
INSERT INTO PRODUCTS(ID, REFERENCE, CODE, NAME, CATEGORY, PRICEBUY, PRICESELL, TAXCAT, IMAGE) VALUES ('297', '297', '297', 'PERIQUITA           ', '3', 0.01, round(8.00/1.23, 3), '003', $FILE{/pt/ktc/openk/pos/images/3_vinhos.png});
INSERT INTO PRODUCTS(ID, REFERENCE, CODE, NAME, CATEGORY, PRICEBUY, PRICESELL, TAXCAT, IMAGE) VALUES ('298', '298', '298', 'QTA CABRIZ          ', '3', 0.01, round(8.00/1.23, 3), '003', $FILE{/pt/ktc/openk/pos/images/3_vinhos.png});
INSERT INTO PRODUCTS(ID, REFERENCE, CODE, NAME, CATEGORY, PRICEBUY, PRICESELL, TAXCAT, IMAGE) VALUES ('299', '299', '299', 'QTA CARMO BRANCO    ', '3', 0.01, round(15.00/1.23, 3), '003', $FILE{/pt/ktc/openk/pos/images/3_vinhos.png});
INSERT INTO PRODUCTS(ID, REFERENCE, CODE, NAME, CATEGORY, PRICEBUY, PRICESELL, TAXCAT, IMAGE) VALUES ('300', '300', '300', 'DOCES               ', '8', 0.01, round(1.95/1.23, 3), '003', $FILE{/pt/ktc/openk/pos/images/8_sobremesas.png});
INSERT INTO PRODUCTS(ID, REFERENCE, CODE, NAME, CATEGORY, PRICEBUY, PRICESELL, TAXCAT, IMAGE) VALUES ('301', '301', '301', 'SALADA FRUTA TACA   ', '8', 0.01, round(1.95/1.23, 3), '003', $FILE{/pt/ktc/openk/pos/images/8_sobremesas.png});
INSERT INTO PRODUCTS(ID, REFERENCE, CODE, NAME, CATEGORY, PRICEBUY, PRICESELL, TAXCAT, IMAGE) VALUES ('302', '302', '302', 'SALADA TROPICAL     ', '8', 0.01, round(6.50/1.23, 3), '003', $FILE{/pt/ktc/openk/pos/images/8_sobremesas.png});
INSERT INTO PRODUCTS(ID, REFERENCE, CODE, NAME, CATEGORY, PRICEBUY, PRICESELL, TAXCAT, IMAGE) VALUES ('303', '303', '303', 'LARANJA/MAA        ', '8', 0.01, round(1.25/1.23, 3), '003', $FILE{/pt/ktc/openk/pos/images/8_sobremesas.png});
INSERT INTO PRODUCTS(ID, REFERENCE, CODE, NAME, CATEGORY, PRICEBUY, PRICESELL, TAXCAT, IMAGE) VALUES ('304', '304', '304', 'MELAO               ', '8', 0.01, round(2.50/1.23, 3), '003', $FILE{/pt/ktc/openk/pos/images/8_sobremesas.png});
INSERT INTO PRODUCTS(ID, REFERENCE, CODE, NAME, CATEGORY, PRICEBUY, PRICESELL, TAXCAT, IMAGE) VALUES ('305', '305', '305', 'MELOA               ', '8', 0.01, round(3.00/1.23, 3), '003', $FILE{/pt/ktc/openk/pos/images/8_sobremesas.png});
INSERT INTO PRODUCTS(ID, REFERENCE, CODE, NAME, CATEGORY, PRICEBUY, PRICESELL, TAXCAT, IMAGE) VALUES ('306', '306', '306', 'MELOA (1/2)         ', '8', 0.01, round(2.00/1.23, 3), '003', $FILE{/pt/ktc/openk/pos/images/8_sobremesas.png});
INSERT INTO PRODUCTS(ID, REFERENCE, CODE, NAME, CATEGORY, PRICEBUY, PRICESELL, TAXCAT, IMAGE) VALUES ('307', '307', '307', 'MANGA               ', '8', 0.01, round(4.50/1.23, 3), '003', $FILE{/pt/ktc/openk/pos/images/8_sobremesas.png});
INSERT INTO PRODUCTS(ID, REFERENCE, CODE, NAME, CATEGORY, PRICEBUY, PRICESELL, TAXCAT, IMAGE) VALUES ('308', '308', '308', 'PAPAIA              ', '8', 0.01, round(4.50/1.23, 3), '003', $FILE{/pt/ktc/openk/pos/images/8_sobremesas.png});
INSERT INTO PRODUCTS(ID, REFERENCE, CODE, NAME, CATEGORY, PRICEBUY, PRICESELL, TAXCAT, IMAGE) VALUES ('309', '309', '309', 'ABACAXI             ', '8', 0.01, round(3.00/1.23, 3), '003', $FILE{/pt/ktc/openk/pos/images/8_sobremesas.png});
INSERT INTO PRODUCTS(ID, REFERENCE, CODE, NAME, CATEGORY, PRICEBUY, PRICESELL, TAXCAT, IMAGE) VALUES ('310', '310', '310', 'KIWI                ', '8', 0.01, round(1.00/1.23, 3), '003', $FILE{/pt/ktc/openk/pos/images/8_sobremesas.png});
INSERT INTO PRODUCTS(ID, REFERENCE, CODE, NAME, CATEGORY, PRICEBUY, PRICESELL, TAXCAT, IMAGE) VALUES ('311', '311', '311', 'BANANA              ', '8', 0.01, round(1.00/1.23, 3), '003', $FILE{/pt/ktc/openk/pos/images/8_sobremesas.png});
INSERT INTO PRODUCTS(ID, REFERENCE, CODE, NAME, CATEGORY, PRICEBUY, PRICESELL, TAXCAT, IMAGE) VALUES ('312', '312', '312', 'QUEIJO SERRA        ', '8', 0.01, round(4.25/1.23, 3), '003', $FILE{/pt/ktc/openk/pos/images/8_sobremesas.png});
INSERT INTO PRODUCTS(ID, REFERENCE, CODE, NAME, CATEGORY, PRICEBUY, PRICESELL, TAXCAT, IMAGE) VALUES ('313', '313', '313', 'QUEIJO FLAMENGO     ', '8', 0.01, round(2.00/1.23, 3), '003', $FILE{/pt/ktc/openk/pos/images/8_sobremesas.png});
INSERT INTO PRODUCTS(ID, REFERENCE, CODE, NAME, CATEGORY, PRICEBUY, PRICESELL, TAXCAT, IMAGE) VALUES ('314', '314', '314', 'CEREJAS             ', '8', 0.01, round(3.00/1.23, 3), '003', $FILE{/pt/ktc/openk/pos/images/8_sobremesas.png});
INSERT INTO PRODUCTS(ID, REFERENCE, CODE, NAME, CATEGORY, PRICEBUY, PRICESELL, TAXCAT, IMAGE) VALUES ('315', '315', '315', 'UVAS                ', '8', 0.01, round(2.00/1.23, 3), '003', $FILE{/pt/ktc/openk/pos/images/8_sobremesas.png});
INSERT INTO PRODUCTS(ID, REFERENCE, CODE, NAME, CATEGORY, PRICEBUY, PRICESELL, TAXCAT, IMAGE) VALUES ('316', '316', '316', 'MORANGOS            ', '8', 0.01, round(3.25/1.23, 3), '003', $FILE{/pt/ktc/openk/pos/images/8_sobremesas.png});
INSERT INTO PRODUCTS(ID, REFERENCE, CODE, NAME, CATEGORY, PRICEBUY, PRICESELL, TAXCAT, IMAGE) VALUES ('317', '317', '317', 'ESPANTA MARIDOS     ', '8', 0.01, round(1.95/1.23, 3), '003', $FILE{/pt/ktc/openk/pos/images/8_sobremesas.png});
INSERT INTO PRODUCTS(ID, REFERENCE, CODE, NAME, CATEGORY, PRICEBUY, PRICESELL, TAXCAT, IMAGE) VALUES ('318', '318', '318', 'TROPICAL C/GELADO   ', '8', 0.01, round(9.00/1.23, 3), '003', $FILE{/pt/ktc/openk/pos/images/8_sobremesas.png});
INSERT INTO PRODUCTS(ID, REFERENCE, CODE, NAME, CATEGORY, PRICEBUY, PRICESELL, TAXCAT, IMAGE) VALUES ('319', '319', '319', 'BOLOS DIVERSOS      ', '8', 0.01, round(0.00/1.23, 3), '003', $FILE{/pt/ktc/openk/pos/images/8_sobremesas.png});
INSERT INTO PRODUCTS(ID, REFERENCE, CODE, NAME, CATEGORY, PRICEBUY, PRICESELL, TAXCAT, IMAGE) VALUES ('321', '321', '321', '(1/2) PAPAIA/MANGA  ', '8', 0.01, round(2.50/1.23, 3), '003', $FILE{/pt/ktc/openk/pos/images/8_sobremesas.png});
INSERT INTO PRODUCTS(ID, REFERENCE, CODE, NAME, CATEGORY, PRICEBUY, PRICESELL, TAXCAT, IMAGE) VALUES ('323', '323', '323', 'GELADO CAIPIRA      ', '11', 0.01, round(3.50/1.23, 3), '003', $FILE{/pt/ktc/openk/pos/images/11_gelados.png});
INSERT INTO PRODUCTS(ID, REFERENCE, CODE, NAME, CATEGORY, PRICEBUY, PRICESELL, TAXCAT, IMAGE) VALUES ('331', '331', '331', 'QTA CARMO TINTO     ', '3', 0.01, round(28.00/1.23, 3), '003', $FILE{/pt/ktc/openk/pos/images/3_vinhos.png});
INSERT INTO PRODUCTS(ID, REFERENCE, CODE, NAME, CATEGORY, PRICEBUY, PRICESELL, TAXCAT, IMAGE) VALUES ('332', '332', '332', 'ALANDRA             ', '3', 0.01, round(7.00/1.23, 3), '003', $FILE{/pt/ktc/openk/pos/images/3_vinhos.png});
INSERT INTO PRODUCTS(ID, REFERENCE, CODE, NAME, CATEGORY, PRICEBUY, PRICESELL, TAXCAT, IMAGE) VALUES ('333', '333', '333', 'QTA CARDO T.FRANCESA', '3', 0.01, round(15.00/1.23, 3), '003', $FILE{/pt/ktc/openk/pos/images/3_vinhos.png});
INSERT INTO PRODUCTS(ID, REFERENCE, CODE, NAME, CATEGORY, PRICEBUY, PRICESELL, TAXCAT, IMAGE) VALUES ('334', '334', '334', 'QTA CARDO T. RORIZ  ', '3', 0.01, round(15.00/1.23, 3), '003', $FILE{/pt/ktc/openk/pos/images/3_vinhos.png});
INSERT INTO PRODUCTS(ID, REFERENCE, CODE, NAME, CATEGORY, PRICEBUY, PRICESELL, TAXCAT, IMAGE) VALUES ('335', '335', '335', 'QTA CARDO BRANCO    ', '3', 0.01, round(10.00/1.23, 3), '003', $FILE{/pt/ktc/openk/pos/images/3_vinhos.png});
INSERT INTO PRODUCTS(ID, REFERENCE, CODE, NAME, CATEGORY, PRICEBUY, PRICESELL, TAXCAT, IMAGE) VALUES ('336', '336', '336', 'REGUENGOS RESERVA 97', '3', 0.01, round(15.00/1.23, 3), '003', $FILE{/pt/ktc/openk/pos/images/3_vinhos.png});
INSERT INTO PRODUCTS(ID, REFERENCE, CODE, NAME, CATEGORY, PRICEBUY, PRICESELL, TAXCAT, IMAGE) VALUES ('337', '337', '337', 'S.DOMINGOS BAIRRADA ', '3', 0.01, round(18.00/1.23, 3), '003', $FILE{/pt/ktc/openk/pos/images/3_vinhos.png});
INSERT INTO PRODUCTS(ID, REFERENCE, CODE, NAME, CATEGORY, PRICEBUY, PRICESELL, TAXCAT, IMAGE) VALUES ('338', '338', '338', 'CADAVAL CAB.SAUVIG. ', '3', 0.01, round(18.00/1.23, 3), '003', $FILE{/pt/ktc/openk/pos/images/3_vinhos.png});
INSERT INTO PRODUCTS(ID, REFERENCE, CODE, NAME, CATEGORY, PRICEBUY, PRICESELL, TAXCAT, IMAGE) VALUES ('339', '339', '339', 'CADAVAL TRINCADEIRA ', '3', 0.01, round(18.00/1.23, 3), '003', $FILE{/pt/ktc/openk/pos/images/3_vinhos.png});
INSERT INTO PRODUCTS(ID, REFERENCE, CODE, NAME, CATEGORY, PRICEBUY, PRICESELL, TAXCAT, IMAGE) VALUES ('340', '340', '340', 'CADAVAL PINOT NOIR  ', '3', 0.01, round(18.00/1.23, 3), '003', $FILE{/pt/ktc/openk/pos/images/3_vinhos.png});
INSERT INTO PRODUCTS(ID, REFERENCE, CODE, NAME, CATEGORY, PRICEBUY, PRICESELL, TAXCAT, IMAGE) VALUES ('341', '341', '341', 'LAFITE BORDEAUX RES.', '3', 0.01, round(20.00/1.23, 3), '003', $FILE{/pt/ktc/openk/pos/images/3_vinhos.png});
INSERT INTO PRODUCTS(ID, REFERENCE, CODE, NAME, CATEGORY, PRICEBUY, PRICESELL, TAXCAT, IMAGE) VALUES ('342', '342', '342', 'ESPUMANTE QT.ROMEIRA', '13', 0.01, round(17.00/1.23, 3), '003', $FILE{/pt/ktc/openk/pos/images/13_espumantes.png});
INSERT INTO PRODUCTS(ID, REFERENCE, CODE, NAME, CATEGORY, PRICEBUY, PRICESELL, TAXCAT, IMAGE) VALUES ('344', '344', '344', 'SANTOS LIMA         ', '3', 0.01, round(10.00/1.23, 3), '003', $FILE{/pt/ktc/openk/pos/images/3_vinhos.png});
INSERT INTO PRODUCTS(ID, REFERENCE, CODE, NAME, CATEGORY, PRICEBUY, PRICESELL, TAXCAT, IMAGE) VALUES ('346', '346', '346', 'EVEL                ', '3', 0.01, round(7.00/1.23, 3), '003', $FILE{/pt/ktc/openk/pos/images/3_vinhos.png});
INSERT INTO PRODUCTS(ID, REFERENCE, CODE, NAME, CATEGORY, PRICEBUY, PRICESELL, TAXCAT, IMAGE) VALUES ('347', '347', '347', 'CARTUXA BRANCO      ', '3', 0.01, round(12.00/1.23, 3), '003', $FILE{/pt/ktc/openk/pos/images/3_vinhos.png});
INSERT INTO PRODUCTS(ID, REFERENCE, CODE, NAME, CATEGORY, PRICEBUY, PRICESELL, TAXCAT, IMAGE) VALUES ('348', '348', '348', 'PORCA MURCA         ', '3', 0.01, round(6.50/1.23, 3), '003', $FILE{/pt/ktc/openk/pos/images/3_vinhos.png});
INSERT INTO PRODUCTS(ID, REFERENCE, CODE, NAME, CATEGORY, PRICEBUY, PRICESELL, TAXCAT, IMAGE) VALUES ('349', '349', '349', 'CADAVAL PADRE PEDRO ', '3', 0.01, round(8.00/1.23, 3), '003', $FILE{/pt/ktc/openk/pos/images/3_vinhos.png});
INSERT INTO PRODUCTS(ID, REFERENCE, CODE, NAME, CATEGORY, PRICEBUY, PRICESELL, TAXCAT, IMAGE) VALUES ('351', '351', '351', 'ESPUMANTE RESERVA   ', '13', 0.01, round(16.00/1.23, 3), '003', $FILE{/pt/ktc/openk/pos/images/13_espumantes.png});
INSERT INTO PRODUCTS(ID, REFERENCE, CODE, NAME, CATEGORY, PRICEBUY, PRICESELL, TAXCAT, IMAGE) VALUES ('352', '352', '352', 'ESPUMANTES DIVERSOS ', '13', 0.01, round(10.00/1.23, 3), '003', $FILE{/pt/ktc/openk/pos/images/13_espumantes.png});
INSERT INTO PRODUCTS(ID, REFERENCE, CODE, NAME, CATEGORY, PRICEBUY, PRICESELL, TAXCAT, IMAGE) VALUES ('353', '353', '353', 'ASTI                ', '13', 0.01, round(14.00/1.23, 3), '003', $FILE{/pt/ktc/openk/pos/images/13_espumantes.png});
INSERT INTO PRODUCTS(ID, REFERENCE, CODE, NAME, CATEGORY, PRICEBUY, PRICESELL, TAXCAT, IMAGE) VALUES ('354', '354', '354', 'VERTICE SUPER RES.  ', '13', 0.01, round(17.50/1.23, 3), '003', $FILE{/pt/ktc/openk/pos/images/13_espumantes.png});
INSERT INTO PRODUCTS(ID, REFERENCE, CODE, NAME, CATEGORY, PRICEBUY, PRICESELL, TAXCAT, IMAGE) VALUES ('355', '355', '355', 'ESPUMANTE           ', '13', 0.01, round(10.00/1.23, 3), '003', $FILE{/pt/ktc/openk/pos/images/13_espumantes.png});
INSERT INTO PRODUCTS(ID, REFERENCE, CODE, NAME, CATEGORY, PRICEBUY, PRICESELL, TAXCAT, IMAGE) VALUES ('356', '356', '356', 'FREIXENET           ', '13', 0.01, round(12.00/1.23, 3), '003', $FILE{/pt/ktc/openk/pos/images/13_espumantes.png});
INSERT INTO PRODUCTS(ID, REFERENCE, CODE, NAME, CATEGORY, PRICEBUY, PRICESELL, TAXCAT, IMAGE) VALUES ('357', '357', '357', 'SANTA MARTA RESERVA ', '3', 0.01, round(10.00/1.23, 3), '003', $FILE{/pt/ktc/openk/pos/images/3_vinhos.png});
INSERT INTO PRODUCTS(ID, REFERENCE, CODE, NAME, CATEGORY, PRICEBUY, PRICESELL, TAXCAT, IMAGE) VALUES ('358', '358', '358', 'SANGRIA 1 L         ', '2', 0.01, round(9.00/1.23, 3), '003', $FILE{/pt/ktc/openk/pos/images/2_bebidas.png});
INSERT INTO PRODUCTS(ID, REFERENCE, CODE, NAME, CATEGORY, PRICEBUY, PRICESELL, TAXCAT, IMAGE) VALUES ('359', '359', '359', 'SANGRIA 0.50        ', '2', 0.01, round(5.00/1.23, 3), '003', $FILE{/pt/ktc/openk/pos/images/2_bebidas.png});
INSERT INTO PRODUCTS(ID, REFERENCE, CODE, NAME, CATEGORY, PRICEBUY, PRICESELL, TAXCAT, IMAGE) VALUES ('360', '360', '360', 'SANGRIA 2 L         ', '2', 0.01, round(18.00/1.23, 3), '003', $FILE{/pt/ktc/openk/pos/images/2_bebidas.png});
INSERT INTO PRODUCTS(ID, REFERENCE, CODE, NAME, CATEGORY, PRICEBUY, PRICESELL, TAXCAT, IMAGE) VALUES ('361', '361', '361', 'SANGRIA CHAMPANHE   ', '2', 0.01, round(12.00/1.23, 3), '003', $FILE{/pt/ktc/openk/pos/images/2_bebidas.png});
INSERT INTO PRODUCTS(ID, REFERENCE, CODE, NAME, CATEGORY, PRICEBUY, PRICESELL, TAXCAT, IMAGE) VALUES ('401', '401', '401', 'GELADO MUSICO       ', '11', 0.01, round(3.50/1.23, 3), '003', $FILE{/pt/ktc/openk/pos/images/11_gelados.png});
INSERT INTO PRODUCTS(ID, REFERENCE, CODE, NAME, CATEGORY, PRICEBUY, PRICESELL, TAXCAT, IMAGE) VALUES ('402', '402', '402', 'SUSPIRO BANANA SPLIT', '11', 0.01, round(2.50/1.23, 3), '003', $FILE{/pt/ktc/openk/pos/images/11_gelados.png});
INSERT INTO PRODUCTS(ID, REFERENCE, CODE, NAME, CATEGORY, PRICEBUY, PRICESELL, TAXCAT, IMAGE) VALUES ('403', '403', '403', 'DOCE DA AVO         ', '11', 0.01, round(3.50/1.23, 3), '003', $FILE{/pt/ktc/openk/pos/images/11_gelados.png});
INSERT INTO PRODUCTS(ID, REFERENCE, CODE, NAME, CATEGORY, PRICEBUY, PRICESELL, TAXCAT, IMAGE) VALUES ('404', '404', '404', 'MOUSSE GELADA       ', '11', 0.01, round(3.25/1.23, 3), '003', $FILE{/pt/ktc/openk/pos/images/11_gelados.png});
INSERT INTO PRODUCTS(ID, REFERENCE, CODE, NAME, CATEGORY, PRICEBUY, PRICESELL, TAXCAT, IMAGE) VALUES ('405', '405', '405', 'TARTA FANTASTICA    ', '11', 0.01, round(3.75/1.23, 3), '003', $FILE{/pt/ktc/openk/pos/images/11_gelados.png});
INSERT INTO PRODUCTS(ID, REFERENCE, CODE, NAME, CATEGORY, PRICEBUY, PRICESELL, TAXCAT, IMAGE) VALUES ('406', '406', '406', 'TARTE WHISKY        ', '11', 0.01, round(3.75/1.23, 3), '003', $FILE{/pt/ktc/openk/pos/images/11_gelados.png});
INSERT INTO PRODUCTS(ID, REFERENCE, CODE, NAME, CATEGORY, PRICEBUY, PRICESELL, TAXCAT, IMAGE) VALUES ('408', '408', '408', 'NATA C/ NOZES       ', '11', 0.01, round(4.75/1.23, 3), '003', $FILE{/pt/ktc/openk/pos/images/11_gelados.png});
INSERT INTO PRODUCTS(ID, REFERENCE, CODE, NAME, CATEGORY, PRICEBUY, PRICESELL, TAXCAT, IMAGE) VALUES ('409', '409', '409', 'LIMAO GELADO        ', '11', 0.01, round(3.25/1.23, 3), '003', $FILE{/pt/ktc/openk/pos/images/11_gelados.png});
INSERT INTO PRODUCTS(ID, REFERENCE, CODE, NAME, CATEGORY, PRICEBUY, PRICESELL, TAXCAT, IMAGE) VALUES ('410', '410', '410', 'BOMBOM MARBRE       ', '11', 0.01, round(3.25/1.23, 3), '003', $FILE{/pt/ktc/openk/pos/images/11_gelados.png});
INSERT INTO PRODUCTS(ID, REFERENCE, CODE, NAME, CATEGORY, PRICEBUY, PRICESELL, TAXCAT, IMAGE) VALUES ('412', '412', '412', 'CREME CATALO       ', '11', 0.01, round(3.75/1.23, 3), '003', $FILE{/pt/ktc/openk/pos/images/11_gelados.png});
INSERT INTO PRODUCTS(ID, REFERENCE, CODE, NAME, CATEGORY, PRICEBUY, PRICESELL, TAXCAT, IMAGE) VALUES ('414', '414', '414', 'STACCIATELLA        ', '11', 0.01, round(4.75/1.23, 3), '003', $FILE{/pt/ktc/openk/pos/images/11_gelados.png});
INSERT INTO PRODUCTS(ID, REFERENCE, CODE, NAME, CATEGORY, PRICEBUY, PRICESELL, TAXCAT, IMAGE) VALUES ('415', '415', '415', 'SORVETE DEGUST      ', '11', 0.01, round(0.00/1.23, 3), '003', $FILE{/pt/ktc/openk/pos/images/11_gelados.png});
INSERT INTO PRODUCTS(ID, REFERENCE, CODE, NAME, CATEGORY, PRICEBUY, PRICESELL, TAXCAT, IMAGE) VALUES ('417', '417', '417', 'COCO GELADO         ', '11', 0.01, round(3.50/1.23, 3), '003', $FILE{/pt/ktc/openk/pos/images/11_gelados.png});
INSERT INTO PRODUCTS(ID, REFERENCE, CODE, NAME, CATEGORY, PRICEBUY, PRICESELL, TAXCAT, IMAGE) VALUES ('419', '419', '419', 'TACA BOMBOM         ', '11', 0.01, round(3.25/1.23, 3), '003', $FILE{/pt/ktc/openk/pos/images/11_gelados.png});
INSERT INTO PRODUCTS(ID, REFERENCE, CODE, NAME, CATEGORY, PRICEBUY, PRICESELL, TAXCAT, IMAGE) VALUES ('420', '420', '420', 'FRUTOS BOSQUE       ', '11', 0.01, round(4.75/1.23, 3), '003', $FILE{/pt/ktc/openk/pos/images/11_gelados.png});
INSERT INTO PRODUCTS(ID, REFERENCE, CODE, NAME, CATEGORY, PRICEBUY, PRICESELL, TAXCAT, IMAGE) VALUES ('421', '421', '421', 'BELLA HELENA        ', '11', 0.01, round(4.75/1.23, 3), '003', $FILE{/pt/ktc/openk/pos/images/11_gelados.png});
INSERT INTO PRODUCTS(ID, REFERENCE, CODE, NAME, CATEGORY, PRICEBUY, PRICESELL, TAXCAT, IMAGE) VALUES ('423', '423', '423', 'ZOO/VACKY/NANUKY    ', '11', 0.01, round(3.25/1.23, 3), '003', $FILE{/pt/ktc/openk/pos/images/11_gelados.png});
INSERT INTO PRODUCTS(ID, REFERENCE, CODE, NAME, CATEGORY, PRICEBUY, PRICESELL, TAXCAT, IMAGE) VALUES ('425', '425', '425', 'COSMOKIDS           ', '11', 0.01, round(3.50/1.23, 3), '003', $FILE{/pt/ktc/openk/pos/images/11_gelados.png});
INSERT INTO PRODUCTS(ID, REFERENCE, CODE, NAME, CATEGORY, PRICEBUY, PRICESELL, TAXCAT, IMAGE) VALUES ('426', '426', '426', 'SOFIA               ', '11', 0.01, round(3.50/1.23, 3), '003', $FILE{/pt/ktc/openk/pos/images/11_gelados.png});
INSERT INTO PRODUCTS(ID, REFERENCE, CODE, NAME, CATEGORY, PRICEBUY, PRICESELL, TAXCAT, IMAGE) VALUES ('427', '427', '427', 'IDILIO CHOC LARANJA ', '11', 0.01, round(4.75/1.23, 3), '003', $FILE{/pt/ktc/openk/pos/images/11_gelados.png});
INSERT INTO PRODUCTS(ID, REFERENCE, CODE, NAME, CATEGORY, PRICEBUY, PRICESELL, TAXCAT, IMAGE) VALUES ('428', '428', '428', 'SORVETE LIMAO       ', '11', 0.01, round(3.25/1.23, 3), '003', $FILE{/pt/ktc/openk/pos/images/11_gelados.png});
INSERT INTO PRODUCTS(ID, REFERENCE, CODE, NAME, CATEGORY, PRICEBUY, PRICESELL, TAXCAT, IMAGE) VALUES ('429', '429', '429', 'TACA MELBA          ', '11', 0.01, round(4.75/1.23, 3), '003', $FILE{/pt/ktc/openk/pos/images/11_gelados.png});
INSERT INTO PRODUCTS(ID, REFERENCE, CODE, NAME, CATEGORY, PRICEBUY, PRICESELL, TAXCAT, IMAGE) VALUES ('430', '430', '430', 'BISCIU C TRUFAS     ', '11', 0.01, round(3.25/1.23, 3), '003', $FILE{/pt/ktc/openk/pos/images/11_gelados.png});
INSERT INTO PRODUCTS(ID, REFERENCE, CODE, NAME, CATEGORY, PRICEBUY, PRICESELL, TAXCAT, IMAGE) VALUES ('431', '431', '431', 'TARTE CANADA        ', '11', 0.01, round(3.25/1.23, 3), '003', $FILE{/pt/ktc/openk/pos/images/11_gelados.png});
INSERT INTO PRODUCTS(ID, REFERENCE, CODE, NAME, CATEGORY, PRICEBUY, PRICESELL, TAXCAT, IMAGE) VALUES ('432', '432', '432', 'TIRAMISU            ', '11', 0.01, round(3.75/1.23, 3), '003', $FILE{/pt/ktc/openk/pos/images/11_gelados.png});
INSERT INTO PRODUCTS(ID, REFERENCE, CODE, NAME, CATEGORY, PRICEBUY, PRICESELL, TAXCAT, IMAGE) VALUES ('433', '433', '433', 'LARANJA             ', '11', 0.01, round(3.25/1.23, 3), '003', $FILE{/pt/ktc/openk/pos/images/11_gelados.png});
INSERT INTO PRODUCTS(ID, REFERENCE, CODE, NAME, CATEGORY, PRICEBUY, PRICESELL, TAXCAT, IMAGE) VALUES ('434', '434', '434', 'CHOCOLATE C/WHISKY  ', '11', 0.01, round(4.75/1.23, 3), '003', $FILE{/pt/ktc/openk/pos/images/11_gelados.png});
INSERT INTO PRODUCTS(ID, REFERENCE, CODE, NAME, CATEGORY, PRICEBUY, PRICESELL, TAXCAT, IMAGE) VALUES ('497', '497', '497', 'MARISCO             ', '1', 0.01, round(0.00/1.23, 3), '003', $FILE{/pt/ktc/openk/pos/images/1_entradas.png});
INSERT INTO PRODUCTS(ID, REFERENCE, CODE, NAME, CATEGORY, PRICEBUY, PRICESELL, TAXCAT, IMAGE) VALUES ('602', '602', '602', 'TELEFONE            ', '10', 0.01, round(0.25/1.23, 3), '003', $FILE{/pt/ktc/openk/pos/images/10_cafetaria.png});
INSERT INTO PRODUCTS(ID, REFERENCE, CODE, NAME, CATEGORY, PRICEBUY, PRICESELL, TAXCAT, IMAGE) VALUES ('603', '603', '603', 'CHICLETS CAIXA      ', '10', 0.01, round(0.80/1.23, 3), '003', $FILE{/pt/ktc/openk/pos/images/10_cafetaria.png});
INSERT INTO PRODUCTS(ID, REFERENCE, CODE, NAME, CATEGORY, PRICEBUY, PRICESELL, TAXCAT, IMAGE) VALUES ('604', '604', '604', 'CHICLETS AVULSO     ', '10', 0.01, round(0.10/1.23, 3), '003', $FILE{/pt/ktc/openk/pos/images/10_cafetaria.png});
INSERT INTO PRODUCTS(ID, REFERENCE, CODE, NAME, CATEGORY, PRICEBUY, PRICESELL, TAXCAT, IMAGE) VALUES ('605', '605', '605', 'EMBALAGENS          ', '10', 0.01, round(0.40/1.23, 3), '003', $FILE{/pt/ktc/openk/pos/images/10_cafetaria.png});
INSERT INTO PRODUCTS(ID, REFERENCE, CODE, NAME, CATEGORY, PRICEBUY, PRICESELL, TAXCAT, IMAGE) VALUES ('606', '606', '606', 'CHUPA CHUPS         ', '1', 0.01, round(0.50/1.23, 3), '003', $FILE{/pt/ktc/openk/pos/images/1_entradas.png});
INSERT INTO PRODUCTS(ID, REFERENCE, CODE, NAME, CATEGORY, PRICEBUY, PRICESELL, TAXCAT, IMAGE) VALUES ('748', '748', '748', 'PRESUNTO            ', '1', 0.01, round(0.00/1.23, 3), '003', $FILE{/pt/ktc/openk/pos/images/1_entradas.png});
INSERT INTO PRODUCTS(ID, REFERENCE, CODE, NAME, CATEGORY, PRICEBUY, PRICESELL, TAXCAT, IMAGE) VALUES ('749', '749', '749', '(1/2) PRESUNTO      ', '1', 0.01, round(2.75/1.23, 3), '003', $FILE{/pt/ktc/openk/pos/images/1_entradas.png});
INSERT INTO PRODUCTS(ID, REFERENCE, CODE, NAME, CATEGORY, PRICEBUY, PRICESELL, TAXCAT, IMAGE) VALUES ('750', '750', '750', 'CESTO PAO           ', '1', 0.01, round(1.00/1.23, 3), '003', $FILE{/pt/ktc/openk/pos/images/1_entradas.png});
INSERT INTO PRODUCTS(ID, REFERENCE, CODE, NAME, CATEGORY, PRICEBUY, PRICESELL, TAXCAT, IMAGE) VALUES ('751', '751', '751', 'AZEITONAS           ', '1', 0.01, round(1.00/1.23, 3), '003', $FILE{/pt/ktc/openk/pos/images/1_entradas.png});
INSERT INTO PRODUCTS(ID, REFERENCE, CODE, NAME, CATEGORY, PRICEBUY, PRICESELL, TAXCAT, IMAGE) VALUES ('752', '752', '752', 'TABUA PRESUNTO      ', '1', 0.01, round(5.00/1.23, 3), '003', $FILE{/pt/ktc/openk/pos/images/1_entradas.png});
INSERT INTO PRODUCTS(ID, REFERENCE, CODE, NAME, CATEGORY, PRICEBUY, PRICESELL, TAXCAT, IMAGE) VALUES ('753', '753', '753', 'PAO DE QUEIJO       ', '1', 0.01, round(0.50/1.23, 3), '003', $FILE{/pt/ktc/openk/pos/images/1_entradas.png});
INSERT INTO PRODUCTS(ID, REFERENCE, CODE, NAME, CATEGORY, PRICEBUY, PRICESELL, TAXCAT, IMAGE) VALUES ('754', '754', '754', 'PRATINHO BACALHAU   ', '1', 0.01, round(1.20/1.23, 3), '003', $FILE{/pt/ktc/openk/pos/images/1_entradas.png});
INSERT INTO PRODUCTS(ID, REFERENCE, CODE, NAME, CATEGORY, PRICEBUY, PRICESELL, TAXCAT, IMAGE) VALUES ('755', '755', '755', 'PAO SIMPLES         ', '1', 0.01, round(0.25/1.23, 3), '003', $FILE{/pt/ktc/openk/pos/images/1_entradas.png});
INSERT INTO PRODUCTS(ID, REFERENCE, CODE, NAME, CATEGORY, PRICEBUY, PRICESELL, TAXCAT, IMAGE) VALUES ('756', '756', '756', 'MANTEIGAS           ', '1', 0.01, round(0.50/1.23, 3), '003', $FILE{/pt/ktc/openk/pos/images/1_entradas.png});
INSERT INTO PRODUCTS(ID, REFERENCE, CODE, NAME, CATEGORY, PRICEBUY, PRICESELL, TAXCAT, IMAGE) VALUES ('758', '758', '758', 'SALGADOS            ', '1', 0.01, round(0.50/1.23, 3), '003', $FILE{/pt/ktc/openk/pos/images/1_entradas.png});
INSERT INTO PRODUCTS(ID, REFERENCE, CODE, NAME, CATEGORY, PRICEBUY, PRICESELL, TAXCAT, IMAGE) VALUES ('759', '759', '759', 'PRATO BACALHAU      ', '1', 0.01, round(3.00/1.23, 3), '003', $FILE{/pt/ktc/openk/pos/images/1_entradas.png});
INSERT INTO PRODUCTS(ID, REFERENCE, CODE, NAME, CATEGORY, PRICEBUY, PRICESELL, TAXCAT, IMAGE) VALUES ('760', '760', '760', 'SOPA DE LEGUMES     ', '5', 0.01, round(1.50/1.23, 3), '003', $FILE{/pt/ktc/openk/pos/images/5_sopas.png});
INSERT INTO PRODUCTS(ID, REFERENCE, CODE, NAME, CATEGORY, PRICEBUY, PRICESELL, TAXCAT, IMAGE) VALUES ('761', '761', '761', 'PAPAS DE SARRABULHO ', '5', 0.01, round(1.50/1.23, 3), '003', $FILE{/pt/ktc/openk/pos/images/5_sopas.png});
INSERT INTO PRODUCTS(ID, REFERENCE, CODE, NAME, CATEGORY, PRICEBUY, PRICESELL, TAXCAT, IMAGE) VALUES ('762', '762', '762', 'CANJA DE GALINHA    ', '5', 0.01, round(1.50/1.23, 3), '003', $FILE{/pt/ktc/openk/pos/images/5_sopas.png});
INSERT INTO PRODUCTS(ID, REFERENCE, CODE, NAME, CATEGORY, PRICEBUY, PRICESELL, TAXCAT, IMAGE) VALUES ('763', '763', '763', 'SOPA PASSADA        ', '5', 0.01, round(1.25/1.23, 3), '003', $FILE{/pt/ktc/openk/pos/images/5_sopas.png});
INSERT INTO PRODUCTS(ID, REFERENCE, CODE, NAME, CATEGORY, PRICEBUY, PRICESELL, TAXCAT, IMAGE) VALUES ('900', '900', '900', 'CARDHU/J.WALKER     ', '9', 0.01, round(7.00/1.23, 3), '003', $FILE{/pt/ktc/openk/pos/images/9_whiskey.png});
INSERT INTO PRODUCTS(ID, REFERENCE, CODE, NAME, CATEGORY, PRICEBUY, PRICESELL, TAXCAT, IMAGE) VALUES ('901', '901', '901', 'WHISKY VELHO        ', '9', 0.01, round(5.00/1.23, 3), '003', $FILE{/pt/ktc/openk/pos/images/9_whiskey.png});
INSERT INTO PRODUCTS(ID, REFERENCE, CODE, NAME, CATEGORY, PRICEBUY, PRICESELL, TAXCAT, IMAGE) VALUES ('902', '902', '902', 'CARDHU GARRAFA      ', '9', 0.01, round(50.00/1.23, 3), '003', $FILE{/pt/ktc/openk/pos/images/9_whiskey.png});
INSERT INTO PRODUCTS(ID, REFERENCE, CODE, NAME, CATEGORY, PRICEBUY, PRICESELL, TAXCAT, IMAGE) VALUES ('903', '903', '903', 'JAMES MARTINS 20    ', '9', 0.01, round(12.50/1.23, 3), '003', $FILE{/pt/ktc/openk/pos/images/9_whiskey.png});
INSERT INTO PRODUCTS(ID, REFERENCE, CODE, NAME, CATEGORY, PRICEBUY, PRICESELL, TAXCAT, IMAGE) VALUES ('904', '904', '904', 'WHISKY 15 ANOS      ', '9', 0.01, round(6.00/1.23, 3), '003', $FILE{/pt/ktc/openk/pos/images/9_whiskey.png});
INSERT INTO PRODUCTS(ID, REFERENCE, CODE, NAME, CATEGORY, PRICEBUY, PRICESELL, TAXCAT, IMAGE) VALUES ('905', '905', '905', 'WHISKY NOVO GARRAFA ', '9', 0.01, round(22.50/1.23, 3), '003', $FILE{/pt/ktc/openk/pos/images/9_whiskey.png});
INSERT INTO PRODUCTS(ID, REFERENCE, CODE, NAME, CATEGORY, PRICEBUY, PRICESELL, TAXCAT, IMAGE) VALUES ('906', '906', '906', 'WHISKY NOVO         ', '9', 0.01, round(2.50/1.23, 3), '003', $FILE{/pt/ktc/openk/pos/images/9_whiskey.png});
INSERT INTO PRODUCTS(ID, REFERENCE, CODE, NAME, CATEGORY, PRICEBUY, PRICESELL, TAXCAT, IMAGE) VALUES ('907', '907', '907', 'GARRAFA WHISKY      ', '9', 0.01, round(0.00/1.23, 3), '003', $FILE{/pt/ktc/openk/pos/images/9_whiskey.png});
INSERT INTO PRODUCTS(ID, REFERENCE, CODE, NAME, CATEGORY, PRICEBUY, PRICESELL, TAXCAT, IMAGE) VALUES ('908', '908', '908', 'LOGAN GARRAFA       ', '9', 0.01, round(40.00/1.23, 3), '003', $FILE{/pt/ktc/openk/pos/images/9_whiskey.png});
INSERT INTO PRODUCTS(ID, REFERENCE, CODE, NAME, CATEGORY, PRICEBUY, PRICESELL, TAXCAT, IMAGE) VALUES ('909', '909', '909', 'GLENFIDICH          ', '9', 0.01, round(6.00/1.23, 3), '003', $FILE{/pt/ktc/openk/pos/images/9_whiskey.png});
INSERT INTO PRODUCTS(ID, REFERENCE, CODE, NAME, CATEGORY, PRICEBUY, PRICESELL, TAXCAT, IMAGE) VALUES ('910', '910', '910', 'ANTIQUA/FIM SEC.    ', '9', 0.01, round(4.00/1.23, 3), '003', $FILE{/pt/ktc/openk/pos/images/9_whiskey.png});
INSERT INTO PRODUCTS(ID, REFERENCE, CODE, NAME, CATEGORY, PRICEBUY, PRICESELL, TAXCAT, IMAGE) VALUES ('911', '911', '911', 'AGUARDENTE DE CANA  ', '9', 0.01, round(2.25/1.23, 3), '003', $FILE{/pt/ktc/openk/pos/images/9_whiskey.png});
INSERT INTO PRODUCTS(ID, REFERENCE, CODE, NAME, CATEGORY, PRICEBUY, PRICESELL, TAXCAT, IMAGE) VALUES ('912', '912', '912', 'CAIPIRINHA          ', '9', 0.01, round(4.50/1.23, 3), '003', $FILE{/pt/ktc/openk/pos/images/9_whiskey.png});
INSERT INTO PRODUCTS(ID, REFERENCE, CODE, NAME, CATEGORY, PRICEBUY, PRICESELL, TAXCAT, IMAGE) VALUES ('913', '913', '913', 'CAIPIROSCA          ', '9', 0.01, round(5.00/1.23, 3), '003', $FILE{/pt/ktc/openk/pos/images/9_whiskey.png});
INSERT INTO PRODUCTS(ID, REFERENCE, CODE, NAME, CATEGORY, PRICEBUY, PRICESELL, TAXCAT, IMAGE) VALUES ('914', '914', '914', 'AGUARDENTE BAGACEIRA', '9', 0.01, round(1.50/1.23, 3), '003', $FILE{/pt/ktc/openk/pos/images/9_whiskey.png});
INSERT INTO PRODUCTS(ID, REFERENCE, CODE, NAME, CATEGORY, PRICEBUY, PRICESELL, TAXCAT, IMAGE) VALUES ('915', '915', '915', 'CAIPIRINHA COADA    ', '9', 0.01, round(5.00/1.23, 3), '003', $FILE{/pt/ktc/openk/pos/images/9_whiskey.png});
INSERT INTO PRODUCTS(ID, REFERENCE, CODE, NAME, CATEGORY, PRICEBUY, PRICESELL, TAXCAT, IMAGE) VALUES ('916', '916', '916', 'AGUARDENTE VELHA    ', '9', 0.01, round(2.25/1.23, 3), '003', $FILE{/pt/ktc/openk/pos/images/9_whiskey.png});
INSERT INTO PRODUCTS(ID, REFERENCE, CODE, NAME, CATEGORY, PRICEBUY, PRICESELL, TAXCAT, IMAGE) VALUES ('917', '917', '917', 'S.DOMINGOS VELHISSIM', '9', 0.01, round(5.00/1.23, 3), '003', $FILE{/pt/ktc/openk/pos/images/9_whiskey.png});
INSERT INTO PRODUCTS(ID, REFERENCE, CODE, NAME, CATEGORY, PRICEBUY, PRICESELL, TAXCAT, IMAGE) VALUES ('918', '918', '918', 'CAIPIRINHA S/ALCOOL ', '9', 0.01, round(2.50/1.23, 3), '003', $FILE{/pt/ktc/openk/pos/images/9_whiskey.png});
INSERT INTO PRODUCTS(ID, REFERENCE, CODE, NAME, CATEGORY, PRICEBUY, PRICESELL, TAXCAT, IMAGE) VALUES ('920', '920', '920', 'ADEGA VELHA         ', '9', 0.01, round(12.00/1.23, 3), '003', $FILE{/pt/ktc/openk/pos/images/9_whiskey.png});
INSERT INTO PRODUCTS(ID, REFERENCE, CODE, NAME, CATEGORY, PRICEBUY, PRICESELL, TAXCAT, IMAGE) VALUES ('921', '921', '921', 'BRANDY              ', '9', 0.01, round(2.50/1.23, 3), '003', $FILE{/pt/ktc/openk/pos/images/9_whiskey.png});
INSERT INTO PRODUCTS(ID, REFERENCE, CODE, NAME, CATEGORY, PRICEBUY, PRICESELL, TAXCAT, IMAGE) VALUES ('922', '922', '922', 'MARTINI C/ CERVEJA  ', '9', 0.01, round(1.25/1.23, 3), '003', $FILE{/pt/ktc/openk/pos/images/9_whiskey.png});
INSERT INTO PRODUCTS(ID, REFERENCE, CODE, NAME, CATEGORY, PRICEBUY, PRICESELL, TAXCAT, IMAGE) VALUES ('923', '923', '923', 'MARTINI             ', '9', 0.01, round(0.90/1.23, 3), '003', $FILE{/pt/ktc/openk/pos/images/9_whiskey.png});
INSERT INTO PRODUCTS(ID, REFERENCE, CODE, NAME, CATEGORY, PRICEBUY, PRICESELL, TAXCAT, IMAGE) VALUES ('924', '924', '924', 'VINHO PORTO NOVO    ', '9', 0.01, round(1.75/1.23, 3), '003', $FILE{/pt/ktc/openk/pos/images/9_whiskey.png});
INSERT INTO PRODUCTS(ID, REFERENCE, CODE, NAME, CATEGORY, PRICEBUY, PRICESELL, TAXCAT, IMAGE) VALUES ('925', '925', '925', 'PORTO 10 ANOS       ', '9', 0.01, round(3.50/1.23, 3), '003', $FILE{/pt/ktc/openk/pos/images/9_whiskey.png});
INSERT INTO PRODUCTS(ID, REFERENCE, CODE, NAME, CATEGORY, PRICEBUY, PRICESELL, TAXCAT, IMAGE) VALUES ('926', '926', '926', 'C.R.F.              ', '9', 0.01, round(4.00/1.23, 3), '003', $FILE{/pt/ktc/openk/pos/images/9_whiskey.png});
INSERT INTO PRODUCTS(ID, REFERENCE, CODE, NAME, CATEGORY, PRICEBUY, PRICESELL, TAXCAT, IMAGE) VALUES ('929', '929', '929', 'VODKA               ', '9', 0.01, round(3.00/1.23, 3), '003', $FILE{/pt/ktc/openk/pos/images/9_whiskey.png});
INSERT INTO PRODUCTS(ID, REFERENCE, CODE, NAME, CATEGORY, PRICEBUY, PRICESELL, TAXCAT, IMAGE) VALUES ('930', '930', '930', 'PORTO 20 ANOS       ', '9', 0.01, round(5.00/1.23, 3), '003', $FILE{/pt/ktc/openk/pos/images/9_whiskey.png});
INSERT INTO PRODUCTS(ID, REFERENCE, CODE, NAME, CATEGORY, PRICEBUY, PRICESELL, TAXCAT, IMAGE) VALUES ('931', '931', '931', 'OLD PARR            ', '9', 0.01, round(6.00/1.23, 3), '003', $FILE{/pt/ktc/openk/pos/images/9_whiskey.png});
INSERT INTO PRODUCTS(ID, REFERENCE, CODE, NAME, CATEGORY, PRICEBUY, PRICESELL, TAXCAT, IMAGE) VALUES ('932', '932', '932', 'PORTO 30 ANOS       ', '9', 0.01, round(10.00/1.23, 3), '003', $FILE{/pt/ktc/openk/pos/images/9_whiskey.png});
INSERT INTO PRODUCTS(ID, REFERENCE, CODE, NAME, CATEGORY, PRICEBUY, PRICESELL, TAXCAT, IMAGE) VALUES ('933', '933', '933', 'LICOR               ', '9', 0.01, round(2.25/1.23, 3), '003', $FILE{/pt/ktc/openk/pos/images/9_whiskey.png});
INSERT INTO PRODUCTS(ID, REFERENCE, CODE, NAME, CATEGORY, PRICEBUY, PRICESELL, TAXCAT, IMAGE) VALUES ('934', '934', '934', 'LICOR BAILEYS       ', '9', 0.01, round(4.00/1.23, 3), '003', $FILE{/pt/ktc/openk/pos/images/9_whiskey.png});
INSERT INTO PRODUCTS(ID, REFERENCE, CODE, NAME, CATEGORY, PRICEBUY, PRICESELL, TAXCAT, IMAGE) VALUES ('935', '935', '935', 'CAIPIRAO            ', '2', 0.01, round(5.00/1.23, 3), '003', $FILE{/pt/ktc/openk/pos/images/2_bebidas.png});
INSERT INTO PRODUCTS(ID, REFERENCE, CODE, NAME, CATEGORY, PRICEBUY, PRICESELL, TAXCAT, IMAGE) VALUES ('936', '936', '936', 'GIN                 ', '9', 0.01, round(3.00/1.23, 3), '003', $FILE{/pt/ktc/openk/pos/images/9_whiskey.png});
INSERT INTO PRODUCTS(ID, REFERENCE, CODE, NAME, CATEGORY, PRICEBUY, PRICESELL, TAXCAT, IMAGE) VALUES ('937', '937', '937', 'RHUM                ', '9', 0.01, round(3.00/1.23, 3), '003', $FILE{/pt/ktc/openk/pos/images/9_whiskey.png});
INSERT INTO PRODUCTS(ID, REFERENCE, CODE, NAME, CATEGORY, PRICEBUY, PRICESELL, TAXCAT, IMAGE) VALUES ('938', '938', '938', 'WHISKY 12 ANOS      ', '9', 0.01, round(5.00/1.23, 3), '003', $FILE{/pt/ktc/openk/pos/images/9_whiskey.png});

CREATE TABLE PRODUCTS_CAT (
    PRODUCT VARCHAR NOT NULL,
    CATORDER INTEGER,
    PRIMARY KEY (PRODUCT),
    CONSTRAINT PRODUCTS_CAT_FK_1 FOREIGN KEY (PRODUCT) REFERENCES PRODUCTS(ID)
);
CREATE INDEX PRODUCTS_CAT_INX_1 ON PRODUCTS_CAT(CATORDER);
-- INSERT INTO PRODUCTS_CAT(PRODUCT) VALUES ('10000000-0000-0000-0000-000000000000');
-- INSERT INTO PRODUCTS_CAT(PRODUCT) VALUES ('20000000-0000-0000-0000-000000000000');
-- INSERT INTO PRODUCTS_CAT(PRODUCT) VALUES ('30000000-0000-0000-0000-000000000000');
INSERT INTO PRODUCTS_CAT(PRODUCT) VALUES ('1');
INSERT INTO PRODUCTS_CAT(PRODUCT) VALUES ('2');
INSERT INTO PRODUCTS_CAT(PRODUCT) VALUES ('3');
INSERT INTO PRODUCTS_CAT(PRODUCT) VALUES ('4');
INSERT INTO PRODUCTS_CAT(PRODUCT) VALUES ('5');
INSERT INTO PRODUCTS_CAT(PRODUCT) VALUES ('6');
INSERT INTO PRODUCTS_CAT(PRODUCT) VALUES ('7');
INSERT INTO PRODUCTS_CAT(PRODUCT) VALUES ('8');
INSERT INTO PRODUCTS_CAT(PRODUCT) VALUES ('9');
INSERT INTO PRODUCTS_CAT(PRODUCT) VALUES ('10');
INSERT INTO PRODUCTS_CAT(PRODUCT) VALUES ('11');
INSERT INTO PRODUCTS_CAT(PRODUCT) VALUES ('12');
INSERT INTO PRODUCTS_CAT(PRODUCT) VALUES ('13');
INSERT INTO PRODUCTS_CAT(PRODUCT) VALUES ('14');
INSERT INTO PRODUCTS_CAT(PRODUCT) VALUES ('15');
INSERT INTO PRODUCTS_CAT(PRODUCT) VALUES ('16');
INSERT INTO PRODUCTS_CAT(PRODUCT) VALUES ('17');
INSERT INTO PRODUCTS_CAT(PRODUCT) VALUES ('18');
INSERT INTO PRODUCTS_CAT(PRODUCT) VALUES ('19');
INSERT INTO PRODUCTS_CAT(PRODUCT) VALUES ('20');
INSERT INTO PRODUCTS_CAT(PRODUCT) VALUES ('21');
INSERT INTO PRODUCTS_CAT(PRODUCT) VALUES ('22');
INSERT INTO PRODUCTS_CAT(PRODUCT) VALUES ('23');
INSERT INTO PRODUCTS_CAT(PRODUCT) VALUES ('24');
INSERT INTO PRODUCTS_CAT(PRODUCT) VALUES ('25');
INSERT INTO PRODUCTS_CAT(PRODUCT) VALUES ('26');
INSERT INTO PRODUCTS_CAT(PRODUCT) VALUES ('27');
INSERT INTO PRODUCTS_CAT(PRODUCT) VALUES ('28');
INSERT INTO PRODUCTS_CAT(PRODUCT) VALUES ('29');
INSERT INTO PRODUCTS_CAT(PRODUCT) VALUES ('30');
INSERT INTO PRODUCTS_CAT(PRODUCT) VALUES ('31');
INSERT INTO PRODUCTS_CAT(PRODUCT) VALUES ('32');
INSERT INTO PRODUCTS_CAT(PRODUCT) VALUES ('33');
INSERT INTO PRODUCTS_CAT(PRODUCT) VALUES ('34');
INSERT INTO PRODUCTS_CAT(PRODUCT) VALUES ('35');
INSERT INTO PRODUCTS_CAT(PRODUCT) VALUES ('36');
INSERT INTO PRODUCTS_CAT(PRODUCT) VALUES ('37');
INSERT INTO PRODUCTS_CAT(PRODUCT) VALUES ('38');
INSERT INTO PRODUCTS_CAT(PRODUCT) VALUES ('39');
INSERT INTO PRODUCTS_CAT(PRODUCT) VALUES ('40');
INSERT INTO PRODUCTS_CAT(PRODUCT) VALUES ('41');
INSERT INTO PRODUCTS_CAT(PRODUCT) VALUES ('42');
INSERT INTO PRODUCTS_CAT(PRODUCT) VALUES ('43');
INSERT INTO PRODUCTS_CAT(PRODUCT) VALUES ('44');
INSERT INTO PRODUCTS_CAT(PRODUCT) VALUES ('45');
INSERT INTO PRODUCTS_CAT(PRODUCT) VALUES ('47');
INSERT INTO PRODUCTS_CAT(PRODUCT) VALUES ('48');
INSERT INTO PRODUCTS_CAT(PRODUCT) VALUES ('49');
INSERT INTO PRODUCTS_CAT(PRODUCT) VALUES ('50');
INSERT INTO PRODUCTS_CAT(PRODUCT) VALUES ('54');
INSERT INTO PRODUCTS_CAT(PRODUCT) VALUES ('55');
INSERT INTO PRODUCTS_CAT(PRODUCT) VALUES ('58');
INSERT INTO PRODUCTS_CAT(PRODUCT) VALUES ('59');
INSERT INTO PRODUCTS_CAT(PRODUCT) VALUES ('60');
INSERT INTO PRODUCTS_CAT(PRODUCT) VALUES ('61');
INSERT INTO PRODUCTS_CAT(PRODUCT) VALUES ('68');
INSERT INTO PRODUCTS_CAT(PRODUCT) VALUES ('69');
INSERT INTO PRODUCTS_CAT(PRODUCT) VALUES ('70');
INSERT INTO PRODUCTS_CAT(PRODUCT) VALUES ('71');
INSERT INTO PRODUCTS_CAT(PRODUCT) VALUES ('72');
INSERT INTO PRODUCTS_CAT(PRODUCT) VALUES ('74');
INSERT INTO PRODUCTS_CAT(PRODUCT) VALUES ('75');
INSERT INTO PRODUCTS_CAT(PRODUCT) VALUES ('80');
INSERT INTO PRODUCTS_CAT(PRODUCT) VALUES ('81');
INSERT INTO PRODUCTS_CAT(PRODUCT) VALUES ('86');
INSERT INTO PRODUCTS_CAT(PRODUCT) VALUES ('87');
INSERT INTO PRODUCTS_CAT(PRODUCT) VALUES ('92');
INSERT INTO PRODUCTS_CAT(PRODUCT) VALUES ('93');
INSERT INTO PRODUCTS_CAT(PRODUCT) VALUES ('95');
INSERT INTO PRODUCTS_CAT(PRODUCT) VALUES ('96');
INSERT INTO PRODUCTS_CAT(PRODUCT) VALUES ('97');
INSERT INTO PRODUCTS_CAT(PRODUCT) VALUES ('98');
INSERT INTO PRODUCTS_CAT(PRODUCT) VALUES ('99');
INSERT INTO PRODUCTS_CAT(PRODUCT) VALUES ('100');
INSERT INTO PRODUCTS_CAT(PRODUCT) VALUES ('101');
INSERT INTO PRODUCTS_CAT(PRODUCT) VALUES ('102');
INSERT INTO PRODUCTS_CAT(PRODUCT) VALUES ('103');
INSERT INTO PRODUCTS_CAT(PRODUCT) VALUES ('105');
INSERT INTO PRODUCTS_CAT(PRODUCT) VALUES ('106');
INSERT INTO PRODUCTS_CAT(PRODUCT) VALUES ('107');
INSERT INTO PRODUCTS_CAT(PRODUCT) VALUES ('108');
INSERT INTO PRODUCTS_CAT(PRODUCT) VALUES ('110');
INSERT INTO PRODUCTS_CAT(PRODUCT) VALUES ('111');
INSERT INTO PRODUCTS_CAT(PRODUCT) VALUES ('112');
INSERT INTO PRODUCTS_CAT(PRODUCT) VALUES ('113');
INSERT INTO PRODUCTS_CAT(PRODUCT) VALUES ('116');
INSERT INTO PRODUCTS_CAT(PRODUCT) VALUES ('117');
INSERT INTO PRODUCTS_CAT(PRODUCT) VALUES ('118');
INSERT INTO PRODUCTS_CAT(PRODUCT) VALUES ('119');
INSERT INTO PRODUCTS_CAT(PRODUCT) VALUES ('120');
INSERT INTO PRODUCTS_CAT(PRODUCT) VALUES ('121');
INSERT INTO PRODUCTS_CAT(PRODUCT) VALUES ('122');
INSERT INTO PRODUCTS_CAT(PRODUCT) VALUES ('123');
INSERT INTO PRODUCTS_CAT(PRODUCT) VALUES ('124');
INSERT INTO PRODUCTS_CAT(PRODUCT) VALUES ('125');
INSERT INTO PRODUCTS_CAT(PRODUCT) VALUES ('126');
INSERT INTO PRODUCTS_CAT(PRODUCT) VALUES ('127');
INSERT INTO PRODUCTS_CAT(PRODUCT) VALUES ('128');
INSERT INTO PRODUCTS_CAT(PRODUCT) VALUES ('129');
INSERT INTO PRODUCTS_CAT(PRODUCT) VALUES ('130');
INSERT INTO PRODUCTS_CAT(PRODUCT) VALUES ('161');
INSERT INTO PRODUCTS_CAT(PRODUCT) VALUES ('162');
INSERT INTO PRODUCTS_CAT(PRODUCT) VALUES ('163');
INSERT INTO PRODUCTS_CAT(PRODUCT) VALUES ('164');
INSERT INTO PRODUCTS_CAT(PRODUCT) VALUES ('165');
INSERT INTO PRODUCTS_CAT(PRODUCT) VALUES ('166');
INSERT INTO PRODUCTS_CAT(PRODUCT) VALUES ('167');
INSERT INTO PRODUCTS_CAT(PRODUCT) VALUES ('168');
INSERT INTO PRODUCTS_CAT(PRODUCT) VALUES ('169');
INSERT INTO PRODUCTS_CAT(PRODUCT) VALUES ('170');
INSERT INTO PRODUCTS_CAT(PRODUCT) VALUES ('171');
INSERT INTO PRODUCTS_CAT(PRODUCT) VALUES ('172');
INSERT INTO PRODUCTS_CAT(PRODUCT) VALUES ('173');
INSERT INTO PRODUCTS_CAT(PRODUCT) VALUES ('174');
INSERT INTO PRODUCTS_CAT(PRODUCT) VALUES ('198');
INSERT INTO PRODUCTS_CAT(PRODUCT) VALUES ('199');
INSERT INTO PRODUCTS_CAT(PRODUCT) VALUES ('200');
INSERT INTO PRODUCTS_CAT(PRODUCT) VALUES ('201');
INSERT INTO PRODUCTS_CAT(PRODUCT) VALUES ('202');
INSERT INTO PRODUCTS_CAT(PRODUCT) VALUES ('203');
INSERT INTO PRODUCTS_CAT(PRODUCT) VALUES ('204');
INSERT INTO PRODUCTS_CAT(PRODUCT) VALUES ('205');
INSERT INTO PRODUCTS_CAT(PRODUCT) VALUES ('206');
INSERT INTO PRODUCTS_CAT(PRODUCT) VALUES ('207');
INSERT INTO PRODUCTS_CAT(PRODUCT) VALUES ('208');
INSERT INTO PRODUCTS_CAT(PRODUCT) VALUES ('209');
INSERT INTO PRODUCTS_CAT(PRODUCT) VALUES ('210');
INSERT INTO PRODUCTS_CAT(PRODUCT) VALUES ('211');
INSERT INTO PRODUCTS_CAT(PRODUCT) VALUES ('212');
INSERT INTO PRODUCTS_CAT(PRODUCT) VALUES ('213');
INSERT INTO PRODUCTS_CAT(PRODUCT) VALUES ('214');
INSERT INTO PRODUCTS_CAT(PRODUCT) VALUES ('215');
INSERT INTO PRODUCTS_CAT(PRODUCT) VALUES ('216');
INSERT INTO PRODUCTS_CAT(PRODUCT) VALUES ('217');
INSERT INTO PRODUCTS_CAT(PRODUCT) VALUES ('218');
INSERT INTO PRODUCTS_CAT(PRODUCT) VALUES ('219');
INSERT INTO PRODUCTS_CAT(PRODUCT) VALUES ('220');
INSERT INTO PRODUCTS_CAT(PRODUCT) VALUES ('221');
INSERT INTO PRODUCTS_CAT(PRODUCT) VALUES ('222');
INSERT INTO PRODUCTS_CAT(PRODUCT) VALUES ('223');
INSERT INTO PRODUCTS_CAT(PRODUCT) VALUES ('224');
INSERT INTO PRODUCTS_CAT(PRODUCT) VALUES ('225');
INSERT INTO PRODUCTS_CAT(PRODUCT) VALUES ('226');
INSERT INTO PRODUCTS_CAT(PRODUCT) VALUES ('227');
INSERT INTO PRODUCTS_CAT(PRODUCT) VALUES ('228');
INSERT INTO PRODUCTS_CAT(PRODUCT) VALUES ('229');
INSERT INTO PRODUCTS_CAT(PRODUCT) VALUES ('230');
INSERT INTO PRODUCTS_CAT(PRODUCT) VALUES ('231');
INSERT INTO PRODUCTS_CAT(PRODUCT) VALUES ('232');
INSERT INTO PRODUCTS_CAT(PRODUCT) VALUES ('233');
INSERT INTO PRODUCTS_CAT(PRODUCT) VALUES ('234');
INSERT INTO PRODUCTS_CAT(PRODUCT) VALUES ('235');
INSERT INTO PRODUCTS_CAT(PRODUCT) VALUES ('236');
INSERT INTO PRODUCTS_CAT(PRODUCT) VALUES ('238');
INSERT INTO PRODUCTS_CAT(PRODUCT) VALUES ('239');
INSERT INTO PRODUCTS_CAT(PRODUCT) VALUES ('240');
INSERT INTO PRODUCTS_CAT(PRODUCT) VALUES ('241');
INSERT INTO PRODUCTS_CAT(PRODUCT) VALUES ('242');
INSERT INTO PRODUCTS_CAT(PRODUCT) VALUES ('243');
INSERT INTO PRODUCTS_CAT(PRODUCT) VALUES ('244');
INSERT INTO PRODUCTS_CAT(PRODUCT) VALUES ('245');
INSERT INTO PRODUCTS_CAT(PRODUCT) VALUES ('246');
INSERT INTO PRODUCTS_CAT(PRODUCT) VALUES ('248');
INSERT INTO PRODUCTS_CAT(PRODUCT) VALUES ('249');
INSERT INTO PRODUCTS_CAT(PRODUCT) VALUES ('250');
INSERT INTO PRODUCTS_CAT(PRODUCT) VALUES ('251');
INSERT INTO PRODUCTS_CAT(PRODUCT) VALUES ('252');
INSERT INTO PRODUCTS_CAT(PRODUCT) VALUES ('253');
INSERT INTO PRODUCTS_CAT(PRODUCT) VALUES ('254');
INSERT INTO PRODUCTS_CAT(PRODUCT) VALUES ('255');
INSERT INTO PRODUCTS_CAT(PRODUCT) VALUES ('256');
INSERT INTO PRODUCTS_CAT(PRODUCT) VALUES ('257');
INSERT INTO PRODUCTS_CAT(PRODUCT) VALUES ('258');
INSERT INTO PRODUCTS_CAT(PRODUCT) VALUES ('259');
INSERT INTO PRODUCTS_CAT(PRODUCT) VALUES ('260');
INSERT INTO PRODUCTS_CAT(PRODUCT) VALUES ('261');
INSERT INTO PRODUCTS_CAT(PRODUCT) VALUES ('262');
INSERT INTO PRODUCTS_CAT(PRODUCT) VALUES ('263');
INSERT INTO PRODUCTS_CAT(PRODUCT) VALUES ('264');
INSERT INTO PRODUCTS_CAT(PRODUCT) VALUES ('265');
INSERT INTO PRODUCTS_CAT(PRODUCT) VALUES ('266');
INSERT INTO PRODUCTS_CAT(PRODUCT) VALUES ('267');
INSERT INTO PRODUCTS_CAT(PRODUCT) VALUES ('268');
INSERT INTO PRODUCTS_CAT(PRODUCT) VALUES ('269');
INSERT INTO PRODUCTS_CAT(PRODUCT) VALUES ('271');
INSERT INTO PRODUCTS_CAT(PRODUCT) VALUES ('272');
INSERT INTO PRODUCTS_CAT(PRODUCT) VALUES ('273');
INSERT INTO PRODUCTS_CAT(PRODUCT) VALUES ('274');
INSERT INTO PRODUCTS_CAT(PRODUCT) VALUES ('275');
INSERT INTO PRODUCTS_CAT(PRODUCT) VALUES ('277');
INSERT INTO PRODUCTS_CAT(PRODUCT) VALUES ('278');
INSERT INTO PRODUCTS_CAT(PRODUCT) VALUES ('279');
INSERT INTO PRODUCTS_CAT(PRODUCT) VALUES ('280');
INSERT INTO PRODUCTS_CAT(PRODUCT) VALUES ('281');
INSERT INTO PRODUCTS_CAT(PRODUCT) VALUES ('282');
INSERT INTO PRODUCTS_CAT(PRODUCT) VALUES ('283');
INSERT INTO PRODUCTS_CAT(PRODUCT) VALUES ('284');
INSERT INTO PRODUCTS_CAT(PRODUCT) VALUES ('285');
INSERT INTO PRODUCTS_CAT(PRODUCT) VALUES ('286');
INSERT INTO PRODUCTS_CAT(PRODUCT) VALUES ('287');
INSERT INTO PRODUCTS_CAT(PRODUCT) VALUES ('288');
INSERT INTO PRODUCTS_CAT(PRODUCT) VALUES ('289');
INSERT INTO PRODUCTS_CAT(PRODUCT) VALUES ('290');
INSERT INTO PRODUCTS_CAT(PRODUCT) VALUES ('291');
INSERT INTO PRODUCTS_CAT(PRODUCT) VALUES ('292');
INSERT INTO PRODUCTS_CAT(PRODUCT) VALUES ('293');
INSERT INTO PRODUCTS_CAT(PRODUCT) VALUES ('294');
INSERT INTO PRODUCTS_CAT(PRODUCT) VALUES ('295');
INSERT INTO PRODUCTS_CAT(PRODUCT) VALUES ('296');
INSERT INTO PRODUCTS_CAT(PRODUCT) VALUES ('297');
INSERT INTO PRODUCTS_CAT(PRODUCT) VALUES ('298');
INSERT INTO PRODUCTS_CAT(PRODUCT) VALUES ('299');
INSERT INTO PRODUCTS_CAT(PRODUCT) VALUES ('300');
INSERT INTO PRODUCTS_CAT(PRODUCT) VALUES ('301');
INSERT INTO PRODUCTS_CAT(PRODUCT) VALUES ('302');
INSERT INTO PRODUCTS_CAT(PRODUCT) VALUES ('303');
INSERT INTO PRODUCTS_CAT(PRODUCT) VALUES ('304');
INSERT INTO PRODUCTS_CAT(PRODUCT) VALUES ('305');
INSERT INTO PRODUCTS_CAT(PRODUCT) VALUES ('306');
INSERT INTO PRODUCTS_CAT(PRODUCT) VALUES ('307');
INSERT INTO PRODUCTS_CAT(PRODUCT) VALUES ('308');
INSERT INTO PRODUCTS_CAT(PRODUCT) VALUES ('309');
INSERT INTO PRODUCTS_CAT(PRODUCT) VALUES ('310');
INSERT INTO PRODUCTS_CAT(PRODUCT) VALUES ('311');
INSERT INTO PRODUCTS_CAT(PRODUCT) VALUES ('312');
INSERT INTO PRODUCTS_CAT(PRODUCT) VALUES ('313');
INSERT INTO PRODUCTS_CAT(PRODUCT) VALUES ('314');
INSERT INTO PRODUCTS_CAT(PRODUCT) VALUES ('315');
INSERT INTO PRODUCTS_CAT(PRODUCT) VALUES ('316');
INSERT INTO PRODUCTS_CAT(PRODUCT) VALUES ('317');
INSERT INTO PRODUCTS_CAT(PRODUCT) VALUES ('318');
INSERT INTO PRODUCTS_CAT(PRODUCT) VALUES ('319');
INSERT INTO PRODUCTS_CAT(PRODUCT) VALUES ('321');
INSERT INTO PRODUCTS_CAT(PRODUCT) VALUES ('323');
INSERT INTO PRODUCTS_CAT(PRODUCT) VALUES ('331');
INSERT INTO PRODUCTS_CAT(PRODUCT) VALUES ('332');
INSERT INTO PRODUCTS_CAT(PRODUCT) VALUES ('333');
INSERT INTO PRODUCTS_CAT(PRODUCT) VALUES ('334');
INSERT INTO PRODUCTS_CAT(PRODUCT) VALUES ('335');
INSERT INTO PRODUCTS_CAT(PRODUCT) VALUES ('336');
INSERT INTO PRODUCTS_CAT(PRODUCT) VALUES ('337');
INSERT INTO PRODUCTS_CAT(PRODUCT) VALUES ('338');
INSERT INTO PRODUCTS_CAT(PRODUCT) VALUES ('339');
INSERT INTO PRODUCTS_CAT(PRODUCT) VALUES ('340');
INSERT INTO PRODUCTS_CAT(PRODUCT) VALUES ('341');
INSERT INTO PRODUCTS_CAT(PRODUCT) VALUES ('342');
INSERT INTO PRODUCTS_CAT(PRODUCT) VALUES ('344');
INSERT INTO PRODUCTS_CAT(PRODUCT) VALUES ('346');
INSERT INTO PRODUCTS_CAT(PRODUCT) VALUES ('347');
INSERT INTO PRODUCTS_CAT(PRODUCT) VALUES ('348');
INSERT INTO PRODUCTS_CAT(PRODUCT) VALUES ('349');
INSERT INTO PRODUCTS_CAT(PRODUCT) VALUES ('351');
INSERT INTO PRODUCTS_CAT(PRODUCT) VALUES ('352');
INSERT INTO PRODUCTS_CAT(PRODUCT) VALUES ('353');
INSERT INTO PRODUCTS_CAT(PRODUCT) VALUES ('354');
INSERT INTO PRODUCTS_CAT(PRODUCT) VALUES ('355');
INSERT INTO PRODUCTS_CAT(PRODUCT) VALUES ('356');
INSERT INTO PRODUCTS_CAT(PRODUCT) VALUES ('357');
INSERT INTO PRODUCTS_CAT(PRODUCT) VALUES ('358');
INSERT INTO PRODUCTS_CAT(PRODUCT) VALUES ('359');
INSERT INTO PRODUCTS_CAT(PRODUCT) VALUES ('360');
INSERT INTO PRODUCTS_CAT(PRODUCT) VALUES ('361');
INSERT INTO PRODUCTS_CAT(PRODUCT) VALUES ('401');
INSERT INTO PRODUCTS_CAT(PRODUCT) VALUES ('402');
INSERT INTO PRODUCTS_CAT(PRODUCT) VALUES ('403');
INSERT INTO PRODUCTS_CAT(PRODUCT) VALUES ('404');
INSERT INTO PRODUCTS_CAT(PRODUCT) VALUES ('405');
INSERT INTO PRODUCTS_CAT(PRODUCT) VALUES ('406');
INSERT INTO PRODUCTS_CAT(PRODUCT) VALUES ('408');
INSERT INTO PRODUCTS_CAT(PRODUCT) VALUES ('409');
INSERT INTO PRODUCTS_CAT(PRODUCT) VALUES ('410');
INSERT INTO PRODUCTS_CAT(PRODUCT) VALUES ('412');
INSERT INTO PRODUCTS_CAT(PRODUCT) VALUES ('414');
INSERT INTO PRODUCTS_CAT(PRODUCT) VALUES ('415');
INSERT INTO PRODUCTS_CAT(PRODUCT) VALUES ('417');
INSERT INTO PRODUCTS_CAT(PRODUCT) VALUES ('419');
INSERT INTO PRODUCTS_CAT(PRODUCT) VALUES ('420');
INSERT INTO PRODUCTS_CAT(PRODUCT) VALUES ('421');
INSERT INTO PRODUCTS_CAT(PRODUCT) VALUES ('423');
INSERT INTO PRODUCTS_CAT(PRODUCT) VALUES ('425');
INSERT INTO PRODUCTS_CAT(PRODUCT) VALUES ('426');
INSERT INTO PRODUCTS_CAT(PRODUCT) VALUES ('427');
INSERT INTO PRODUCTS_CAT(PRODUCT) VALUES ('428');
INSERT INTO PRODUCTS_CAT(PRODUCT) VALUES ('429');
INSERT INTO PRODUCTS_CAT(PRODUCT) VALUES ('430');
INSERT INTO PRODUCTS_CAT(PRODUCT) VALUES ('431');
INSERT INTO PRODUCTS_CAT(PRODUCT) VALUES ('432');
INSERT INTO PRODUCTS_CAT(PRODUCT) VALUES ('433');
INSERT INTO PRODUCTS_CAT(PRODUCT) VALUES ('434');
INSERT INTO PRODUCTS_CAT(PRODUCT) VALUES ('497');
INSERT INTO PRODUCTS_CAT(PRODUCT) VALUES ('602');
INSERT INTO PRODUCTS_CAT(PRODUCT) VALUES ('603');
INSERT INTO PRODUCTS_CAT(PRODUCT) VALUES ('604');
INSERT INTO PRODUCTS_CAT(PRODUCT) VALUES ('605');
INSERT INTO PRODUCTS_CAT(PRODUCT) VALUES ('606');
INSERT INTO PRODUCTS_CAT(PRODUCT) VALUES ('748');
INSERT INTO PRODUCTS_CAT(PRODUCT) VALUES ('749');
INSERT INTO PRODUCTS_CAT(PRODUCT) VALUES ('750');
INSERT INTO PRODUCTS_CAT(PRODUCT) VALUES ('751');
INSERT INTO PRODUCTS_CAT(PRODUCT) VALUES ('752');
INSERT INTO PRODUCTS_CAT(PRODUCT) VALUES ('753');
INSERT INTO PRODUCTS_CAT(PRODUCT) VALUES ('754');
INSERT INTO PRODUCTS_CAT(PRODUCT) VALUES ('755');
INSERT INTO PRODUCTS_CAT(PRODUCT) VALUES ('756');
INSERT INTO PRODUCTS_CAT(PRODUCT) VALUES ('758');
INSERT INTO PRODUCTS_CAT(PRODUCT) VALUES ('759');
INSERT INTO PRODUCTS_CAT(PRODUCT) VALUES ('760');
INSERT INTO PRODUCTS_CAT(PRODUCT) VALUES ('761');
INSERT INTO PRODUCTS_CAT(PRODUCT) VALUES ('762');
INSERT INTO PRODUCTS_CAT(PRODUCT) VALUES ('763');
INSERT INTO PRODUCTS_CAT(PRODUCT) VALUES ('900');
INSERT INTO PRODUCTS_CAT(PRODUCT) VALUES ('901');
INSERT INTO PRODUCTS_CAT(PRODUCT) VALUES ('902');
INSERT INTO PRODUCTS_CAT(PRODUCT) VALUES ('903');
INSERT INTO PRODUCTS_CAT(PRODUCT) VALUES ('904');
INSERT INTO PRODUCTS_CAT(PRODUCT) VALUES ('905');
INSERT INTO PRODUCTS_CAT(PRODUCT) VALUES ('906');
INSERT INTO PRODUCTS_CAT(PRODUCT) VALUES ('907');
INSERT INTO PRODUCTS_CAT(PRODUCT) VALUES ('908');
INSERT INTO PRODUCTS_CAT(PRODUCT) VALUES ('909');
INSERT INTO PRODUCTS_CAT(PRODUCT) VALUES ('910');
INSERT INTO PRODUCTS_CAT(PRODUCT) VALUES ('911');
INSERT INTO PRODUCTS_CAT(PRODUCT) VALUES ('912');
INSERT INTO PRODUCTS_CAT(PRODUCT) VALUES ('913');
INSERT INTO PRODUCTS_CAT(PRODUCT) VALUES ('914');
INSERT INTO PRODUCTS_CAT(PRODUCT) VALUES ('915');
INSERT INTO PRODUCTS_CAT(PRODUCT) VALUES ('916');
INSERT INTO PRODUCTS_CAT(PRODUCT) VALUES ('917');
INSERT INTO PRODUCTS_CAT(PRODUCT) VALUES ('918');
INSERT INTO PRODUCTS_CAT(PRODUCT) VALUES ('920');
INSERT INTO PRODUCTS_CAT(PRODUCT) VALUES ('921');
INSERT INTO PRODUCTS_CAT(PRODUCT) VALUES ('922');
INSERT INTO PRODUCTS_CAT(PRODUCT) VALUES ('923');
INSERT INTO PRODUCTS_CAT(PRODUCT) VALUES ('924');
INSERT INTO PRODUCTS_CAT(PRODUCT) VALUES ('925');
INSERT INTO PRODUCTS_CAT(PRODUCT) VALUES ('926');
INSERT INTO PRODUCTS_CAT(PRODUCT) VALUES ('929');
INSERT INTO PRODUCTS_CAT(PRODUCT) VALUES ('930');
INSERT INTO PRODUCTS_CAT(PRODUCT) VALUES ('931');
INSERT INTO PRODUCTS_CAT(PRODUCT) VALUES ('932');
INSERT INTO PRODUCTS_CAT(PRODUCT) VALUES ('933');
INSERT INTO PRODUCTS_CAT(PRODUCT) VALUES ('934');
INSERT INTO PRODUCTS_CAT(PRODUCT) VALUES ('935');
INSERT INTO PRODUCTS_CAT(PRODUCT) VALUES ('936');
INSERT INTO PRODUCTS_CAT(PRODUCT) VALUES ('937');
INSERT INTO PRODUCTS_CAT(PRODUCT) VALUES ('938');


CREATE TABLE PRODUCTS_COM (
    ID VARCHAR NOT NULL,
    PRODUCT VARCHAR NOT NULL,
    PRODUCT2 VARCHAR NOT NULL,
    PRIMARY KEY (ID),
    CONSTRAINT PRODUCTS_COM_FK_1 FOREIGN KEY (PRODUCT) REFERENCES PRODUCTS(ID),
    CONSTRAINT PRODUCTS_COM_FK_2 FOREIGN KEY (PRODUCT2) REFERENCES PRODUCTS(ID)
);
CREATE UNIQUE INDEX PCOM_INX_PROD ON PRODUCTS_COM(PRODUCT, PRODUCT2);

CREATE TABLE LOCATIONS (
    ID VARCHAR NOT NULL,
    NAME VARCHAR NOT NULL,
    ADDRESS VARCHAR,
    PRIMARY KEY (ID)
);
CREATE UNIQUE INDEX LOCATIONS_NAME_INX ON LOCATIONS(NAME);
INSERT INTO LOCATIONS(ID, NAME,ADDRESS) VALUES('0', 'Central', NULL);

CREATE TABLE STOCKDIARY (
    ID VARCHAR NOT NULL,
    DATENEW TIMESTAMP NOT NULL,
    REASON INTEGER NOT NULL,
    LOCATION VARCHAR NOT NULL,
    PRODUCT VARCHAR NOT NULL,
    ATTRIBUTESETINSTANCE_ID VARCHAR,
    UNITS DOUBLE PRECISION NOT NULL,
    PRICE DOUBLE PRECISION NOT NULL,
    PRIMARY KEY (ID),
    CONSTRAINT STOCKDIARY_FK_1 FOREIGN KEY (PRODUCT) REFERENCES PRODUCTS(ID),
    CONSTRAINT STOCKDIARY_ATTSETINST FOREIGN KEY (ATTRIBUTESETINSTANCE_ID) REFERENCES ATTRIBUTESETINSTANCE(ID),
    CONSTRAINT STOCKDIARY_FK_2 FOREIGN KEY (LOCATION) REFERENCES LOCATIONS(ID)
);
CREATE INDEX STOCKDIARY_INX_1 ON STOCKDIARY(DATENEW);

CREATE TABLE STOCKLEVEL (
    ID VARCHAR NOT NULL,
    LOCATION VARCHAR NOT NULL,
    PRODUCT VARCHAR NOT NULL,
    STOCKSECURITY DOUBLE PRECISION,
    STOCKMAXIMUM DOUBLE PRECISION,
    PRIMARY KEY (ID),
    CONSTRAINT STOCKLEVEL_PRODUCT FOREIGN KEY (PRODUCT) REFERENCES PRODUCTS(ID),
    CONSTRAINT STOCKLEVEL_LOCATION FOREIGN KEY (LOCATION) REFERENCES LOCATIONS(ID)
);

CREATE TABLE STOCKCURRENT (
    LOCATION VARCHAR NOT NULL,
    PRODUCT VARCHAR NOT NULL,
    ATTRIBUTESETINSTANCE_ID VARCHAR,
    UNITS DOUBLE PRECISION NOT NULL,
    CONSTRAINT STOCKCURRENT_FK_1 FOREIGN KEY (PRODUCT) REFERENCES PRODUCTS(ID),
    CONSTRAINT STOCKCURRENT_ATTSETINST FOREIGN KEY (ATTRIBUTESETINSTANCE_ID) REFERENCES ATTRIBUTESETINSTANCE(ID),
    CONSTRAINT STOCKCURRENT_FK_2 FOREIGN KEY (LOCATION) REFERENCES LOCATIONS(ID)
);
CREATE UNIQUE INDEX STOCKCURRENT_INX ON STOCKCURRENT(LOCATION, PRODUCT, ATTRIBUTESETINSTANCE_ID);

CREATE TABLE CLOSEDCASH (
    MONEY VARCHAR NOT NULL,
    HOST VARCHAR NOT NULL,
    HOSTSEQUENCE INTEGER NOT NULL,
    DATESTART TIMESTAMP NOT NULL,
    DATEEND TIMESTAMP,
    PRIMARY KEY(MONEY)
);
CREATE INDEX CLOSEDCASH_INX_1 ON CLOSEDCASH(DATESTART);
CREATE UNIQUE INDEX CLOSEDCASH_INX_SEQ ON CLOSEDCASH(HOST, HOSTSEQUENCE);

CREATE TABLE RECEIPTS (
    ID VARCHAR NOT NULL,
    MONEY VARCHAR NOT NULL,
    DATENEW TIMESTAMP NOT NULL,
    ATTRIBUTES BYTEA,
    PRIMARY KEY(ID),
    CONSTRAINT RECEIPTS_FK_MONEY FOREIGN KEY (MONEY) REFERENCES CLOSEDCASH(MONEY)
);
CREATE INDEX RECEIPTS_INX_1 ON RECEIPTS(DATENEW);

CREATE TABLE TICKETS (
    ID VARCHAR NOT NULL,
    TICKETTYPE INTEGER DEFAULT 0 NOT NULL,
    TICKETID INTEGER NOT NULL,
    PERSON VARCHAR NOT NULL,
    CUSTOMER VARCHAR,
    STATUS INTEGER DEFAULT 0 NOT NULL,
    PRIMARY KEY (ID),
    CONSTRAINT TICKETS_FK_ID FOREIGN KEY (ID) REFERENCES RECEIPTS(ID),
    CONSTRAINT TICKETS_FK_2 FOREIGN KEY (PERSON) REFERENCES PEOPLE(ID),
    CONSTRAINT TICKETS_CUSTOMERS_FK FOREIGN KEY (CUSTOMER) REFERENCES CUSTOMERS(ID)
);
CREATE INDEX TICKETS_TICKETID ON TICKETS(TICKETTYPE, TICKETID);

CREATE SEQUENCE TICKETSNUM START WITH 1;
CREATE SEQUENCE TICKETSNUM_REFUND START WITH 1;
CREATE SEQUENCE TICKETSNUM_PAYMENT START WITH 1;
-- uma nova sequencia para as consultas de mesa (preview)
CREATE SEQUENCE TICKETSNUM_PREVIEW START WITH 1;

CREATE TABLE TICKETLINES (
    TICKET VARCHAR NOT NULL,
    LINE INTEGER NOT NULL,
    PRODUCT VARCHAR,
    ATTRIBUTESETINSTANCE_ID VARCHAR,
    UNITS DOUBLE PRECISION NOT NULL,
    PRICE DOUBLE PRECISION NOT NULL,
    TAXID VARCHAR NOT NULL,
    ATTRIBUTES BYTEA,
    PRIMARY KEY (TICKET, LINE),
    CONSTRAINT TICKETLINES_FK_TICKET FOREIGN KEY (TICKET) REFERENCES TICKETS(ID),
    CONSTRAINT TICKETLINES_FK_2 FOREIGN KEY (PRODUCT) REFERENCES PRODUCTS(ID),
    CONSTRAINT TICKETLINES_ATTSETINST FOREIGN KEY (ATTRIBUTESETINSTANCE_ID) REFERENCES ATTRIBUTESETINSTANCE(ID),
    CONSTRAINT TICKETLINES_FK_3 FOREIGN KEY (TAXID) REFERENCES TAXES(ID)
);

CREATE TABLE PAYMENTS (
    ID VARCHAR NOT NULL,
    RECEIPT VARCHAR NOT NULL,
    PAYMENT VARCHAR NOT NULL,
    TOTAL DOUBLE PRECISION NOT NULL,
    TRANSID VARCHAR,
    RETURNMSG BYTEA,
    PRIMARY KEY (ID),
    CONSTRAINT PAYMENTS_FK_RECEIPT FOREIGN KEY (RECEIPT) REFERENCES RECEIPTS(ID)
);
CREATE INDEX PAYMENTS_INX_1 ON PAYMENTS(PAYMENT);

CREATE TABLE TAXLINES (
    ID VARCHAR NOT NULL,
    RECEIPT VARCHAR NOT NULL,
    TAXID VARCHAR NOT NULL, 
    BASE DOUBLE PRECISION NOT NULL, 
    AMOUNT DOUBLE PRECISION NOT NULL,
    PRIMARY KEY (ID),
    CONSTRAINT TAXLINES_TAX FOREIGN KEY (TAXID) REFERENCES TAXES(ID),
    CONSTRAINT TAXLINES_RECEIPT FOREIGN KEY (RECEIPT) REFERENCES RECEIPTS(ID)
);

CREATE TABLE FLOORS (
    ID VARCHAR NOT NULL,
    NAME VARCHAR NOT NULL,
    IMAGE BYTEA,
    PRIMARY KEY (ID)
);
CREATE UNIQUE INDEX FLOORS_NAME_INX ON FLOORS(NAME);
INSERT INTO FLOORS(ID, NAME, IMAGE) VALUES ('0', 'Planta do Restaurante', $FILE{/pt/ktc/openk/pos/templates/restaurantsample.png});

CREATE TABLE PLACES (
    ID VARCHAR NOT NULL,
    NAME VARCHAR NOT NULL,
    X INTEGER NOT NULL,
    Y INTEGER NOT NULL,
    FLOOR VARCHAR NOT NULL,
    PRIMARY KEY (ID),
    CONSTRAINT PLACES_FK_1 FOREIGN KEY (FLOOR) REFERENCES FLOORS(ID)
);
CREATE UNIQUE INDEX PLACES_NAME_INX ON PLACES(NAME);
INSERT INTO PLACES(ID, NAME, X, Y, FLOOR) VALUES ('1', 'Mesa 1', 133, 151, '0');
INSERT INTO PLACES(ID, NAME, X, Y, FLOOR) VALUES ('2', 'Mesa 2', 532, 151, '0');
INSERT INTO PLACES(ID, NAME, X, Y, FLOOR) VALUES ('3', 'Mesa 3', 133, 264, '0');
INSERT INTO PLACES(ID, NAME, X, Y, FLOOR) VALUES ('4', 'Mesa 4', 266, 264, '0');
INSERT INTO PLACES(ID, NAME, X, Y, FLOOR) VALUES ('5', 'Mesa 5', 399, 264, '0');
INSERT INTO PLACES(ID, NAME, X, Y, FLOOR) VALUES ('6', 'Mesa 6', 532, 264, '0');
INSERT INTO PLACES(ID, NAME, X, Y, FLOOR) VALUES ('7', 'Mesa 7', 133, 377, '0');
INSERT INTO PLACES(ID, NAME, X, Y, FLOOR) VALUES ('8', 'Mesa 8', 266, 377, '0');
INSERT INTO PLACES(ID, NAME, X, Y, FLOOR) VALUES ('9', 'Mesa 9', 399, 377, '0');
INSERT INTO PLACES(ID, NAME, X, Y, FLOOR) VALUES ('10', 'Mesa 10', 532, 377, '0');

CREATE TABLE RESERVATIONS (
    ID VARCHAR NOT NULL,
    CREATED TIMESTAMP NOT NULL,
    DATENEW TIMESTAMP DEFAULT '2001-01-01 00:00:00' NOT NULL,
    TITLE VARCHAR NOT NULL,
    CHAIRS INTEGER NOT NULL,
    ISDONE BOOLEAN NOT NULL,
    DESCRIPTION VARCHAR,
    PRIMARY KEY (ID)
);
CREATE INDEX RESERVATIONS_INX_1 ON RESERVATIONS(DATENEW);

CREATE TABLE RESERVATION_CUSTOMERS (
    ID VARCHAR NOT NULL,
    CUSTOMER VARCHAR NOT NULL,
    PRIMARY KEY (ID),
    CONSTRAINT RES_CUST_FK_1 FOREIGN KEY (ID) REFERENCES RESERVATIONS(ID),
    CONSTRAINT RES_CUST_FK_2 FOREIGN KEY (CUSTOMER) REFERENCES CUSTOMERS(ID)
);

CREATE TABLE THIRDPARTIES (
    ID VARCHAR NOT NULL,
    CIF VARCHAR NOT NULL,
    NAME VARCHAR NOT NULL,
    ADDRESS VARCHAR,
    CONTACTCOMM VARCHAR,
    CONTACTFACT VARCHAR,
    PAYRULE VARCHAR,
    FAXNUMBER VARCHAR,
    PHONENUMBER VARCHAR,
    MOBILENUMBER VARCHAR,
    EMAIL VARCHAR,
    WEBPAGE VARCHAR,
    NOTES VARCHAR,
    PRIMARY KEY (ID)
);
CREATE UNIQUE INDEX THIRDPARTIES_CIF_INX ON THIRDPARTIES(CIF);
CREATE UNIQUE INDEX THIRDPARTIES_NAME_INX ON THIRDPARTIES(NAME);

CREATE TABLE SHAREDTICKETS (
    ID VARCHAR NOT NULL,
    NAME VARCHAR NOT NULL,
    CONTENT BYTEA,
    REFERENCE VARCHAR NULL,
    PRIMARY KEY(ID)
);

-- Criar o role/login 'openk'
create role openk LOGIN NOSUPERUSER NOCREATEDB NOCREATEROLE PASSWORD 'openk';

-- Dar acesso ao utilizador 'openk'
grant select, insert, update, delete on applications to openk;
grant select, insert, update, delete on attribute to openk;
grant select, insert, update, delete on attributeinstance to openk;
grant select, insert, update, delete on attributeset to openk;
grant select, insert, update, delete on attributesetinstance to openk;
grant select, insert, update, delete on attributeuse to openk;
grant select, insert, update, delete on attributevalue to openk;
grant select, insert, update, delete on categories to openk;
grant select, insert, update, delete on closedcash to openk;
grant select, insert, update, delete on company to openk;
grant select, insert, update, delete on customers to openk;
grant select, insert, update, delete on floors to openk;
-- ISTO NAO SE PODE FAZER grant select, insert, update, delete on keys to openk;
grant select, insert, update, delete on locations to openk;
grant select, insert, update, delete on payments to openk;
grant select, insert, update, delete on people to openk;
grant select, insert, update, delete on places to openk;
grant select, insert, update, delete on products to openk;
grant select, insert, update, delete on products_cat to openk;
grant select, insert, update, delete on products_com to openk;
grant select, insert on receipts to openk;
grant select, insert, update, delete on reservation_customers to openk;
grant select, insert, update, delete on reservations to openk;
-- O seguinte e' necessario para guardar o activecash
grant select, insert, update on resources to openk;
grant select, insert, update, delete on roles to openk;
grant select, insert, update, delete on sharedtickets to openk;
-- ISTO E MUITO IMPORTANTE!
grant select, insert on signatures to openk;						
grant select, insert, update, delete on stockcurrent to openk;
grant select, insert, update, delete on stockdiary to openk;
grant select, insert, update, delete on stocklevel to openk;
grant select, insert, update, delete on taxcategories to openk;
grant select, insert, update, delete on taxcustcategories to openk;
grant select, insert, update, delete on taxes to openk;
grant select, insert on taxlines to openk;
grant select, insert, update, delete on thirdparties to openk;
grant select, insert on ticketlines to openk;
grant select, insert on tickets to openk;

grant select, update on ticketsnum to openk;
grant select, update on ticketsnum_payment to openk;
grant select, update on ticketsnum_refund to openk;
grant select, update on ticketsnum_preview to openk;

------------------------------------------------------------------------------------------
-- CONFIGURAR O PLJAVA PARA ESTA BASE DE DADOS
CREATE SCHEMA sqlj;
GRANT USAGE ON SCHEMA sqlj TO public;

CREATE FUNCTION sqlj.java_call_handler()
  RETURNS language_handler AS 'pljava'
  LANGUAGE C;

CREATE TRUSTED LANGUAGE java HANDLER sqlj.java_call_handler;

CREATE FUNCTION sqlj.javau_call_handler()
  RETURNS language_handler AS 'pljava'
  LANGUAGE C;

CREATE LANGUAGE javaU HANDLER sqlj.javau_call_handler;

CREATE TABLE sqlj.jar_repository(
	jarId		SERIAL PRIMARY KEY,
	jarName		VARCHAR(100) UNIQUE NOT NULL,
	jarOrigin   VARCHAR(500) NOT NULL,
	jarOwner	NAME NOT NULL,
	jarManifest	TEXT,
	deploymentDesc INT
);
GRANT SELECT ON sqlj.jar_repository TO public;

CREATE TABLE sqlj.jar_entry(
	entryId     SERIAL PRIMARY KEY,
	entryName	VARCHAR(200) NOT NULL,
	jarId		INT NOT NULL REFERENCES sqlj.jar_repository ON DELETE CASCADE,
	entryImage  BYTEA NOT NULL,
	UNIQUE(jarId, entryName)
);
GRANT SELECT ON sqlj.jar_entry TO public;

ALTER TABLE sqlj.jar_repository ADD FOREIGN KEY (deploymentDesc) REFERENCES sqlj.jar_entry ON DELETE SET NULL;

CREATE TABLE sqlj.classpath_entry(
	schemaName	VARCHAR(30) NOT NULL,
	ordinal		INT2 NOT NULL,
	jarId		INT NOT NULL REFERENCES sqlj.jar_repository ON DELETE CASCADE,
	PRIMARY KEY(schemaName, ordinal)
);
GRANT SELECT ON sqlj.classpath_entry TO public;

CREATE TABLE sqlj.typemap_entry(
	mapId		SERIAL PRIMARY KEY,
	javaName	VARCHAR(200) NOT NULL,
	sqlName		NAME NOT NULL
);
GRANT SELECT ON sqlj.typemap_entry TO public;

CREATE FUNCTION sqlj.install_jar(VARCHAR, VARCHAR, BOOLEAN) RETURNS void
	AS 'org.postgresql.pljava.management.Commands.installJar'
	LANGUAGE java SECURITY DEFINER;

CREATE FUNCTION sqlj.install_jar(BYTEA, VARCHAR, BOOLEAN) RETURNS void
	AS 'org.postgresql.pljava.management.Commands.installJar'
	LANGUAGE java SECURITY DEFINER;

CREATE FUNCTION sqlj.replace_jar(VARCHAR, VARCHAR, BOOLEAN) RETURNS void
	AS 'org.postgresql.pljava.management.Commands.replaceJar'
	LANGUAGE java SECURITY DEFINER;

CREATE FUNCTION sqlj.replace_jar(BYTEA, VARCHAR, BOOLEAN) RETURNS void
	AS 'org.postgresql.pljava.management.Commands.replaceJar'
	LANGUAGE java SECURITY DEFINER;

CREATE FUNCTION sqlj.remove_jar(VARCHAR, BOOLEAN) RETURNS void
	AS 'org.postgresql.pljava.management.Commands.removeJar'
	LANGUAGE java SECURITY DEFINER;

CREATE FUNCTION sqlj.set_classpath(VARCHAR, VARCHAR) RETURNS void
	AS 'org.postgresql.pljava.management.Commands.setClassPath'
	LANGUAGE java SECURITY DEFINER;

CREATE FUNCTION sqlj.get_classpath(VARCHAR) RETURNS VARCHAR
	AS 'org.postgresql.pljava.management.Commands.getClassPath'
	LANGUAGE java STABLE SECURITY DEFINER;

CREATE FUNCTION sqlj.add_type_mapping(VARCHAR, VARCHAR) RETURNS void
	AS 'org.postgresql.pljava.management.Commands.addTypeMapping'
	LANGUAGE java SECURITY DEFINER;

CREATE FUNCTION sqlj.drop_type_mapping(VARCHAR) RETURNS void
	AS 'org.postgresql.pljava.management.Commands.dropTypeMapping'
	LANGUAGE java SECURITY DEFINER;

------------------------------------------------------------------------------------------
-- Para o cipher no pljava

SELECT sqlj.install_jar($FILE{/pt/ktc/openk/pos/templates/openk_pljava.jar}, 'openk_pljava', false);

-- Colocar o jar na classpath
SELECT sqlj.set_classpath('public', 'openk_pljava');

-- SELECT sqlj.install_jar('file:///workspaces/openk_pos_v1_1/openk_pos_v1_1/build/jar/openk_pljava.jar', 'openk_pljava', false);
-- SELECT sqlj.replace_jar('file:///workspaces/openk_pos_v1_1/openk_pos_v1_1/build/jar/openk_pljava.jar', 'openk_pljava', false);

-----------------------------------------------------------
-- NOTA IMPORTANTE:
-- AS FUNCOES QUE TEM CODIGO EM PGSQL DEVEM TER NA PRIMEIRA LINHA $$ E NA ULTIMA.
-- ESTA E A FORMA QUE A CLASSE QUE EXECUTA ESTE SCRIPT USA PARA DETECTAR A FUNCAO
-- VER pt.ktc.openk.pos.data.loader.BatchSentenceResource

CREATE OR REPLACE FUNCTION cipher_get_version()  RETURNS varchar AS $$
DECLARE
    versao varchar := '';
 BEGIN
    select keys.version into versao from keys order by keys.version desc limit 1;
    RETURN versao;
END;
$$ LANGUAGE plpgsql security definer;

CREATE OR REPLACE FUNCTION cipher_get_public_key()  RETURNS varchar AS $$  
DECLARE
    public varchar := '';
 BEGIN
    select keys.public into public from keys order by keys.version desc limit 1;
    RETURN public;
END;
$$ LANGUAGE plpgsql security definer;

CREATE OR REPLACE FUNCTION cipher_sign_private(varchar, varchar, varchar)
RETURNS varchar AS
'pt.ktc.openk.pos.pljava.Cipher.sign(java.lang.String, java.lang.String, java.lang.String)'
LANGUAGE java;

CREATE OR REPLACE FUNCTION cipher_sign(tosign varchar)  RETURNS varchar AS $$
DECLARE
    public varchar := '';
    private varchar := '';
    result varchar := '';
BEGIN
    select keys.public into public from keys order by keys.version desc limit 1;
    select keys.private into private from keys order by keys.version desc limit 1;
    result:=cipher_sign_private(private, public, tosign);
    RETURN result;
END;
$$ LANGUAGE plpgsql security definer;

CREATE OR REPLACE FUNCTION cipher_verify_private(varchar, varchar, varchar, varchar)
RETURNS boolean AS
'pt.ktc.openk.pos.pljava.Cipher.verify(java.lang.String, java.lang.String, java.lang.String, java.lang.String)'
LANGUAGE java;

CREATE OR REPLACE FUNCTION cipher_verify(assinatura varchar, origem varchar)  RETURNS boolean AS $$
DECLARE
    public varchar := '';
    private varchar := '';
    result boolean := false;
BEGIN
    select keys.public into public from keys order by keys.version desc limit 1;
    select keys.private into private from keys order by keys.version desc limit 1;
    result:=cipher_verify_private(private, public, assinatura, origem);
    RETURN result;
END;
$$ LANGUAGE plpgsql security definer;



